oid,OBJEKT Inventarnummer,OBJEKT Sammlung,klassifikation,webtext,datierung,herstellung,herkunft,OBJEKT -> Inhalt,OBJEKT -> Masse,OBJEKT -> Material und Technik
195343,DEP-1142,Wagen und Schlitten,Schlittenkasten,"In Form eines L�wen, zweisitzig, Lakaiensitz in Herzform. 1700 - 1800. 94 x 203 cm. Holz. ",1700 - 1800  ,,,,"H�he 94 cm, Breite 203 cm.
H�he 94 cm, Breite 203 cm.
H�he 94 cm, L�nge 214 cm, Breite 55 cm.",Holz.
195345,DEP-1143,Wagen und Schlitten,Schlittenkasten,"In Form eines Delphins mit ge�ffnetem Rachen, einsitzig, Meeresungeheuer. 1700 - 1800. 73 x 213 x 59 cm. Holz, bemalt. ",1700 - 1800  ,,,,"H�he 73 cm, L�nge 213 cm, Breite 59 cm.","Holz, bemalt."
195347,DEP-1144,Wagen und Schlitten,Schlittenkasten,"In Form eines Polsters mit goldenen Quasten, Stabellenlehnen, Blumendekor. 1700 - 1800. 78 x 110 x 33 cm. Holz, bemalt. ",1700 - 1800  ,,,,"H�he 78 cm, L�nge 110 cm, Breite 33 cm.","Holz, bemalt."
189679,LM-241,Wagen und Schlitten,Schlitten,"Figuren-Reitschlitten in Form eines L�wen, mit Wappen Tobler. 1700 - 1800. 183 x 198 x 78 cm (L�nge ohne Landen). geschnitzt, bemalt. ",1700 - 1800  ,,,,"H�he 183 cm, L�nge 198 cm, Breite 78 cm ( L�nge ohne Landen).","geschnitzt, bemalt."
189719,LM-873,Wagen und Schlitten,Schlitten,"Mit gepolstertem Sitz. Als Bekr�nung des Bugs ein Mohr. 1700 - 1800. 184 x 230 x 80 cm. geschnitzt, bemalt. ",1700 - 1800  ,,,,"H�he 184 cm, L�nge 230 cm, Breite 80 cm.","geschnitzt, bemalt."
189733,LM-991,Wagen und Schlitten,Fahrrad,Zweirad. Knabenvelo. Sogenannte 'Draisine'. Datiert 1766. Holz. ,1766,,,,,Holz.
322966,LM-1122.a,Wagen und Schlitten,Rennschlitten,"Geschnitzt und bemalt. Mit Wappen. 1700 - 1800. 135 x 280 x 70 cm. geschnitzt, bemalt. ",1700 - 1800  ,,,,"H�he 135 cm, L�nge 280 cm, Breite 70 cm.","geschnitzt, bemalt."
189791,LM-1182,Wagen und Schlitten,Schlitten,"Mit Allianzwappen der Meyer von Schauensee. Als Bekr�nung ein bemalter Vogelkopf. 1700 - 1800. 168 x 210 x 75 cm. geschnitzt, bemalt. ",1700 - 1800  ,,,,"H�he 168 cm, L�nge 210 cm, Breite 75 cm.","geschnitzt, bemalt."
6939,LM-1224,Wagen und Schlitten,Schlitten,"Beidseitig bemaltes Stirnbrett eines Rennschlittens. Inhalt: Kloster Fischingen (TG), Kloster. Ida von Toggenburg, hl. Herstellung: Anonym. Um 1800. Herkunft: Fischingen (TG), Kloster. 104 x 235 x 82 cm. Stirnbrett: Kupfer, �l. 

Literatur:
Jahresbericht SLM 1895, S. 47. - Kdm TG 2, 1955, S. 219, Abb. 207, S. 221, Nr. 3. - H.-P. MATHIS u.a., Barockes Fischingen, Katalog zur Ausstellung Kloster Fischingen, 27.9.-27.10.1992, S. 290, Nr. 3.3.17, S. 284, Abb. - Klosteransicht: Kdm TG 2, 1955, S. 75, Abb. 66.- Zur Legende der hl. Idda von Toggenburg: HBLS 4, S. 330. - W. AB HOLENSTEIN, Schweizer Heiligen Legende, Olten 1939, S. 68. - H.-P. MATHIS u.a., Barockes Fischingen, Katalog zur Ausstellung Kloster Fischingen, 27.9.-27.10.1992, S. 129-213. ",1800,Anonym. ,  ,"Kloster Fischingen (TG), Kloster. Ida von Toggenburg, hl. ","H�he 104 cm, L�nge 235 cm, Breite 82 cm.","Stirnbrett: Kupfer, �l."
190735,LM-1269,Wagen und Schlitten,Schlittenkasten,zweiteiliger Schlittenkasten in Figur eines Ochsen. 1690 - 1700. 96 x 160 x 66 cm. ,1690 - 1700  ,,,,"H�he 96 cm, L�nge 160 cm, Breite 66 cm.",
190772,LM-1656.a,Wagen und Schlitten,Schlitten,"Auf beiden L�ngsseiten je eine Reiterfigur. Bugbekr�nung: Sennenfigur. 1700 - 1800. 185 x 225 x 85 cm (ohne Senn (aufsteckb). geschnitzt, bemalt. ",1700 - 1800  ,,,,"H�he 185 cm, L�nge 225 cm, Breite 85 cm (ohne Senn (aufsteckb).","geschnitzt, bemalt."
190791,LM-1695,Wagen und Schlitten,Kinderschlitten,"Mit rotem Samtpolster. 1790 - 1800. 58,5 x 37 x 33 cm. ",1790 - 1800  ,,,,"H�he 58.5 cm, Breite 37 cm, Tiefe 33 cm.",
190828,LM-2047.1-2,Wagen und Schlitten,Schlitten,"Wurstschlitten 'Dudelsackbl�ser' aus Ermatingen. 1700 - 1800. 187 x 237 x 100 cm. geschnitzt, bemalt. ",1700 - 1800  ,,,,"H�he 187 cm, L�nge 237 cm, Breite 100 cm.","geschnitzt, bemalt."
191050,LM-2811,Wagen und Schlitten,Schlittenkasten,"Polsterung aus beigefarbenem Filztuch. Innwendig mit schwarzem Leder. 1750 - 1800. 77 x 224 x 78 cm. bemalt, versilbert. ",1750 - 1800  ,,,,"H�he 77 cm, L�nge 224 cm, Breite 78 cm.","bemalt, versilbert."
191052,LM-2812,Wagen und Schlitten,Schlittenkasten,"In Form eines L�wen. 1700 - 1800. 83 x 198 x 59 cm. Holz, bemalt, geschnitzt. ",1700 - 1800  ,,,,"H�he 83 cm, L�nge 198 cm, Breite 59 cm.","Holz, bemalt, geschnitzt."
191092,LM-2885,Wagen und Schlitten,Fahrrad,"Hohes Vorderrad. Schweres Gestell, gerade Lenkstange, R�der mit Eisen beschlagen. 1800 - 1850. ",1800 - 1850  ,,,,,
191118,LM-3120.a,Wagen und Schlitten,Schlittenkasten,"Gr�n bemalt, mit geschnitzten Girlanden verziert. 1800 - 1810. 96 x 170 x 61 cm. Holz, geschnitzt, bemalt. ",1800 - 1810  ,,,,"H�he 96 cm, L�nge 170 cm, Breite 61 cm.","Holz, geschnitzt, bemalt."
191121,LM-3120.b,Wagen und Schlitten,Schlittenkasten,"Gr�n bemalt, mit geschnitzten Girlanden und Figuren verziert. 97 x 202 x 58 cm. Holz, geschnitzt, bemalt. ", ,,,,"H�he 97 cm, L�nge 202 cm, Breite 58 cm.","Holz, geschnitzt, bemalt."
8419,LM-3790.1-31,Wagen und Schlitten,Kutschenteile und Zubeh�r,"Gotthardpostwagen, Typus Coup� Berline No 880. Inhalt: Postwesen. Um 1850. Herkunft: St. Gotthard. 325 x 485 x 200 cm. 1930000 g (Wagen). Holz, bemalt. Eisen, geschmiedet. Leder. Fenster: Glas. 

Literatur:
Andres Furger, Der Gotthard-Postwagen (= Bildband 1), Z�rich 1990. ",1850,,  ,Postwesen. ,"Wagen: H�he 325 cm, L�nge 485 cm, Breite 200 cm, Gewicht 1930000 g.","Holz, bemalt. Eisen, geschmiedet. Leder. Fenster: Glas."
191262,LM-4784,Wagen und Schlitten,Schlittenkasten,"Wurstschlitten mit Sitz in Form eines Hundes, mit gepolstertem Sitz. 1700 - 1800. 52 x 126 x 27 cm. ",1700 - 1800  ,,,,"H�he 52 cm, L�nge 126 cm, Breite 27 cm.",
195788,LM-4817,Wagen und Schlitten,Kinderfahrrad,Zweir�driges Knabenfahrrad. Ledersattel. 1700 - 1800. Holz. ,1700 - 1800  ,,,,,Holz.
191352,LM-5231.1-2,Wagen und Schlitten,Herrenschlitten,"Schlittenkasten in Form eines L�wen. 1700 - 1800. 146 x 267 x 101,5 cm. geschnitzt, bemalt. ",1700 - 1800  ,,,,"H�he 146 cm, L�nge 267 cm, Breite 101.5 cm.","geschnitzt, bemalt."
191365,LM-5494,Wagen und Schlitten,Schlitten,"Mit floralen Motiven. 1750 - 1800. Herkunft: Graub�nden. 140 x 240 x 70 cm. Holz, bemalt. ",1750 - 1800  ,,  ,,"H�he 140 cm, L�nge 240 cm, Breite 70 cm.","Holz, bemalt."
191370,LM-5707.1-3,Wagen und Schlitten,Herrenschlitten,"Mit Inschriften haltendem Putto, Monogramm H.M., Sitz bunt gemustert. Keine Datumsangabe. bemalt. ", ,,,,,bemalt.
191545,LM-6703,Wagen und Schlitten,Kinderschlitten,"Mit Engeln, Blumen und Himmel mit Sternen bemalt. 1700 - 1800. 87,5 x 93 x 27 cm. geschnitzt, bemalt. ",1700 - 1800  ,,,,"H�he 87.5 cm, Breite 93 cm, Tiefe 27 cm.","geschnitzt, bemalt."
191553,LM-6825,Wagen und Schlitten,Kinderschlitten,"Mit tiefem Kerbschnitt verziert. Vertiefte Buchstaben DBC und Brandstempel. Keine Datumsangabe. 15,5 x 46,5 x 23,5 cm. Holz. ", ,,,,"H�he 15.5 cm, L�nge 46.5 cm, Breite 23.5 cm.",Holz.
8418,LM-6876,Wagen und Schlitten,Kutsche,"Federgestell; gedeckter Kasten mit seitl. halbhohen T�ren, sogenannter 'Char de Cot�'. 1800 - 1810. ",1800 - 1810  ,,,,,
191643,LM-8245,Wagen und Schlitten,Hochrad,"Sogenanntes 'Velociped'. Datiert 1875. 151 cm. � 129,5 cm. Stahl. ",1875,,,,"H�he 151 cm, Durchmesser 129.5 cm.",Stahl.
191647,LM-8379,Wagen und Schlitten,Fahrrad,"Knabenvelo mit Ledersitz. R�der in der H�he verstellbar. 1800 - 1900. 55 x 128 cm. Holz, bemalt. ",1800 - 1900  ,,,,"H�he 55 cm, Breite 128 cm.","Holz, bemalt."
191836,LM-10441,Wagen und Schlitten,Fahrrad,"Mit Zugbremse, Sitz aus Eisen. Herstellung: B�hler Velos. Datiert 1870. 127 x 178 cm. Holz. ",1870,B�hler Velos. ,,,"H�he 127 cm, Breite 178 cm.",Holz.
191845,LM-10655.1-5,Wagen und Schlitten,Schlittenkasten,Einsitziger Figurenschlitten 'Damenschuh'. Blau und rot bemalt. 1700 - 1800. 147 x 245 x 100 cm. bemalt. ,1700 - 1800  ,,,,"H�he 147 cm, L�nge 245 cm, Breite 100 cm.",bemalt.
191907,LM-11328,Wagen und Schlitten,Fahrrad,"Mit Zugbremse, Sitz aus Leder. Datiert 1841. 137 cm. Holz. ",1841,,,,H�he 137 cm.,Holz.
192059,LM-13889,Wagen und Schlitten,Schlittenkasten,"Einen liegenden Hirsch darstellend, Kopf mit Geweih. 1750 - 1800. 104 x 178 x 65 x 50 cm. Holz, bemalt, vergoldet. ",1750 - 1800  ,,,,"H�he 104 cm, L�nge 178 cm, Breite 65 cm, Tiefe 50 cm.","Holz, bemalt, vergoldet."
8420,LM-15307,Wagen und Schlitten,Postkutsche,Sogenannter 'Char de Cot�'. Vierr�driger Wagen mit Leitergestell und Eisenfedern. Inhalt: Postwesen. 1850 - 1900. Herkunft: Neuenburg (Kanton). ,1850 - 1900  ,,  ,Postwesen. ,,
192322,LM-18209,Wagen und Schlitten,Schlitten,"Schlittekasten, geschnitzt und bemalt, teilweise vergoldet. 1700 - 1800. 101 x 198 x 54 cm. Holz, vergoldet, bemalt. ",1700 - 1800,,,,"H�he 101 cm, L�nge 198 cm, Breite 54 cm.","Holz, vergoldet, bemalt."
192325,LM-18214,Wagen und Schlitten,Schlitten,"Auf Kufen montierter L�we. Tierleib hohl, oben mit aufklappbarem Deckel. 1700 - 1800. 108 x 210 x 98 cm. Holz, geschnitzt, bemalt. ",1700 - 1800,,,,"H�he 108 cm, L�nge 210 cm, Breite 98 cm.","Holz, geschnitzt, bemalt."
98739,LM-19818.1-5,Wagen und Schlitten,Schlitten,"Figurenschlitten 'Triton', 1- und 2sp�nnig, Delphin mit offenem Rachen. Herstellung: Bildhauer Hans Wilhelm T�fel (?1695), Sursee. Um 1680. Herkunft: Suter, Zofingen; Familie Pfyffer von Altishofen, Altishofen. 194 x 280 x 100 cm. Holz (Tr�germaterial), geschnitzt. 

Literatur:
Andres Furger, Herrschaftliches Vergn�gen, in: Schweizerisches Landesmuseum Z�rich & Prangins (= Museen der Schweiz), Z�rich/Genf 1998, S. 74f. ",1680,"Bildhauer Hans Wilhelm T�fel (?1695), Sursee. ",Besitzer    (Objekt),,"H�he 194 cm, L�nge 280 cm, Breite 100 cm.","Holz (Tr�germaterial), geschnitzt."
192391,LM-19819,Wagen und Schlitten,Schlittenkasten,"in Form eines gelben Leoparden mit schwarzen Flecken. 1700 - 1725. 86 x 190 x 62 cm. geschnitzt, bemalt. ",1700 - 1725  ,,,,"H�he 86 cm, L�nge 190 cm, Breite 62 cm.","geschnitzt, bemalt."
192565,LM-23358,Wagen und Schlitten,Schlitten,"Auf der Sitzfl�che festgeschmiedetes Messingschild mit Gravur: 'S.E.H.1839'. Datiert 1839. 25 x 54 x 33,3 cm. Nussbaumholz. ",1839,,,,"H�he 25 cm, L�nge 54 cm, Breite 33.3 cm.",Nussbaumholz.
300806,LM-23568,Wagen und Schlitten,Beobachtungsturm,"Sogen. 'Magirus-Leiter' f�r Positionsartilerie, teleskopierbar. Inhalt: Artillerie. Herstellung: Ulm. 1890 - 1900. Herkunft: Eidg. Zeughaus, Rapperswil. 275 x 561 x 191 cm (H. in Ruhelage). Holz. Eisen, gewalzt, geschmiedet. Eisenguss. Eisenblech. 

Literatur:
- EMD [Hrsg.]: Illustriertes Handbuch mit Daten �ber Fuhrwerke, Gesch�tze, Maschinen und Ger�te, Bern: EMD, 1896 (gebundenes Ex. Der Kriegsmaterialverwaltung, Direktion der Zeughausbetriebe, Sektion Korps- und Reservematerial), Tafel 58, 'Beobachtungsturm. Positionsartillerie - Tour d'observation. Artillerie de position' (in Transportstellung)/59 (aufgestellt, ausgefahren und bemannt).
- Schneider, Hugo [Hrsg.]  /  Reinhart, Christian [Hrsg.]  /  am Rhyn, Michael [Hrsg.]  /  Sallaz, Kurt [Hrsg.]  /  Betschmann, Walter: Bewaffnung und Ausr�stung der Schweizer Armee seit 1817 - Artillerie I: Gesch�tze der Artillerie ohne mechanischen Rohrr�cklauf, Bd. 8, Dietikon-Z�rich: Verlag Stocker-Schmied, 1977, Abb. 357. ",1890 - 1900  ,Ulm. ,  ,Artillerie. ,"H�he 275 cm, L�nge 561 cm, Breite 191 cm (H. in Ruhelage).
Rad: Durchmesser 142 cm.","Holz. Eisen, gewalzt, geschmiedet. Eisenguss. Eisenblech. "
381544,LM-23574.1-3,Wagen und Schlitten,Stabsfourgon geschlossen,"Stabsfourgon, Eidg. Ord. 1878, geschlossen, 4-r�drig, Bocksitz mit Vordach. Herstellung:  (Fahrzeug, Eidgen�ssische / Konstruktions-Werkst�tte / Thun / No 16593 1925). Datiert nach Marke 1925. Herkunft: Eidg. Zeughaus, Rapperswil. 235 x 360 x 176 cm. Holz. Eisen, geschmiedet, gewalzt. Eisenblech. 

Literatur:
- Eidg. Konstruktions-Werkst�tte, Thun: Verzeichnis �ber die Photographien der Div. Fuhrwerke, Bd. 2, Thun: o. J., Abb. 103, 'Stabsfourgon 1878/99, K+W 204' [Thun, Bibliothek SAM, ex. Besitz Eidg. Kriegsmaterialverwaltung, Direktion Zeughausbetriebe].
- EMD [Hrsg.]: Fuhrwerke der Schweizerischen Infanterie und Kavallerie - Offizielle Ausgabe / Voitures de l'Infanterie et de la Cavalerie suisse - Edition officielle, Bern: EMD, 1896, Tafel 1 'Stabsfourgon. Ordonanz 1878 - Fourgon d'�tat-major. Ordonnance de 1878'.
- Hildebrand, Carl: Gefiederte Kuriere - Der Brieftaubendienst der Schweizer Armee 1917-1994, Wabern: Carl Hildebrand, 2001, Abb. S. 227/288 (Stabsfourgon umgebaut zum Brieftaubenwagen).
. ",1925," (Fahrzeug, Eidgen�ssische / Konstruktions-Werkst�tte / Thun / No 16593 1925). ",  ,,"H�he 235 cm, L�nge 360 cm, Breite 176 cm.
Deichsel: L�nge 323 cm.","Holz. Eisen, geschmiedet, gewalzt. Eisenblech."
300837,LM-23576,Wagen und Schlitten,Fahrk�che (Pferdezug),"2-r�drig, Eidg. Ord. 1880, mit 2 Kochkesseln, eisernen Speichenr�dern, Zubeh�r. Inhalt: Sanit�t. Herstellung: Eidg. Konstruktionswerkst�tte, Thun. Datiert nach Marke 1883. Herkunft: Eidg. Zeughaus, Rapperswil. 134 x 404 x 194 cm (mit Gabel (Landen)). Holz. Eisen, geschmiedet, gewalzt. Eisenblech. Gusseisen. 

Literatur:
- EMD [Hrsg.]: Fuhrwerke und Material der schweizerischen Verwaltungstruppen - Offizielle Ausgabe / Pi�ces, Voitures et Mat�riel des Troupes d'Administration suisse - Edition officielle, Bern: EMD, 1896, Tafel 31 'Fahrk�che. Ordonnanz 1880 - Cusine roulant. Ordonnance 1880.
- Hildebrand, Carl: Zeughaus-Chronik Thun 1857-1982, Liebefeld / Bern: Lang Druck, 1982, Abb. S. 78/79 (mit Ausr�stungsetat).
- Hochstrasser, Markus: Nostalgisches Solothurn, Chapelle sur Moudon: Ketty & Alexandre, 1998, Abb. 18.
. ",1883,"Eidg. Konstruktionswerkst�tte, Thun. ",  ,Sanit�t. ,"H�he 134 cm, L�nge 404 cm, Breite 194 cm (mit Gabel (Landen)).
Rad: Durchmesser 134 cm.","Holz. Eisen, geschmiedet, gewalzt. Eisenblech. Gusseisen."
381546,LM-23577.1-3,Wagen und Schlitten,Feldschmiede,"Eidg. Ord. 1843, 2-teilig, aus Protze und Schmiedewagen mit Spitzblasbalg. Inhalt: Artillerie. Herstellung: Worb. Datiert nach Inschrift 1847. Herkunft: Eidg. Zeughaus, Rapperswil. 201 x 446 x 174 cm. Holz. Eisen, geschmiedet. Eisenblech. Leder. 

Literatur:
- EMD [Hrsg.]: Gesch�tze, Fuhrwerke und Material der schweizerischen Artillerie - Offizielle Ausgabe / Pi�ces, Voitures et Mat�riel de l'Artillerie suisse - Edition officielle, Bern: EMD, 1896, Tafel 23, 'Batterie-Feldschmiede. Ordonnanz 1843. Feldartillerie - Forge de campagne de Batterie. Ordonnance de 1843. Artillerie de campagne'.
- Hildebrand, Carl: Zeughaus-Chronik Thun 1857-1982, Liebefeld / Bern: Lang Druck, 1982, S. 42 unten.
- Schneider, Hugo [Hrsg.]  /  Reinhart, Christian [Hrsg.]  /  am Rhyn, Michael [Hrsg.]  /  Sallaz, Kurt [Hrsg.]  /  Betschmann, Walter: Bewaffnung und Ausr�stung der Schweizer Armee seit 1817 - Artillerie I: Gesch�tze der Artillerie ohne mechanischen Rohrr�cklauf, Bd. 8, Dietikon-Z�rich: Verlag Stocker-Schmied, 1977, Abb. 330/331. ",1847,Worb. ,  ,Artillerie. ,"Fahrzeug: H�he 201 cm, L�nge 446 cm, Breite 174 cm.
Vorderteil: H�he 174 cm, L�nge 164 cm, Breite 174 cm.
Rad: Durchmesser 143 cm (vorne).
Hinterteil: H�he 201 cm, L�nge 329 cm, Breite 174 cm.
Rad: Durchmesser 143 cm (hinten).
Deichsel: L�nge 323 cm.","Holz. Eisen, geschmiedet. Eisenblech. Leder."
381547,LM-23578.1-3,Wagen und Schlitten,Park-Feldschmiede,"Parkfeldschmiede, Eidg. Ord. 1871, aus Protze und Schmiedwagen bestehend. Inhalt: Artillerie. 1871. Herkunft: Eidg. Zeughaus, Rapperswil. 175 x 450 x 173 cm. Holz. Eisen, geschmiedet, gewalzt. Eisenblech. 

Literatur:
- EMD [Hrsg.]: Gesch�tze, Fuhrwerke und Material der schweizerischen Artillerie - Offizielle Ausgabe / Pi�ces, Voitures et Mat�riel de l'Artillerie suisse - Edition officielle, Bern: EMD, 1896, Tafel 19 (�berstempelt 27), 'Park-Feldschmiede. Modell 1871. Feld-Artillerie - Forge de campagne du parc. Mod�le de 1871. Artillerie de campagne'.
- Schneider, Hugo [Hrsg.]  /  Reinhart, Christian [Hrsg.]  /  am Rhyn, Michael [Hrsg.]  /  Sallaz, Kurt [Hrsg.]  /  Betschmann, Walter: Bewaffnung und Ausr�stung der Schweizer Armee seit 1817 - Artillerie I: Gesch�tze der Artillerie ohne mechanischen Rohrr�cklauf, Bd. 8, Dietikon-Z�rich: Verlag Stocker-Schmied, 1977, S. 173, Abb. 335. ",1871,,  ,Artillerie. ,"Fahrzeug: H�he 175 cm, L�nge 450 cm, Breite 173 cm.
Vorderteil: H�he 161 cm, L�nge 160 cm, Breite 173 cm.
Rad: Durchmesser 143 cm (vorne).
Hinterteil: H�he 175 cm, L�nge 332 cm, Breite 173 cm.
Rad: Durchmesser 143 cm (hinten).
Deichsel: L�nge 323 cm.","Holz. Eisen, geschmiedet, gewalzt. Eisenblech."
381548,LM-23579.1-3,Wagen und Schlitten,Park-Feldschmiede,"Eidg. Ord. 1882,  aus Protze und Schmiedwagen bestehend, mit eiserner Luftpumpe. Inhalt: Artillerie. 1882. Herkunft: Eidg. Zeughaus, Rapperswil. 196 x 449 x 174 cm. Holz. Eisen, geschmiedet, gewalzt. Eisenblech. 

Literatur:
- EMD [Hrsg.]: Gesch�tze, Fuhrwerke und Material der schweizerischen Artillerie - Offizielle Ausgabe / Pi�ces, Voitures et Mat�riel de l'Artillerie suisse - Edition officielle, Bern: EMD, 1896, Tafel 28, 'Parkfeldschmiede. Ordonnanz 1882. Feldartillerie - Forge de campagne du parc. Ordonnance de 1882. Artillerie de campagne'.
- [Hrsg.]  /  Betschmann, Walter: Bewaffnung und Ausr�stung der Schweizer Armee seit 1817 - Artillerie I: Gesch�tze der Artillerie ohne mechanischen Rohrr�cklauf, Bd. 8, Dietikon-Z�rich: Verlag Stocker-Schmied, 1977, S. 173, Abb. 335. ",1882,,  ,Artillerie. ,"Fahrzeug: H�he 196 cm, L�nge 449 cm, Breite 174 cm.
Vorderteil: H�he 160 cm, L�nge 162 cm, Breite 174 cm.
Rad: Durchmesser 143 cm (vorn).
Hinterteil: H�he 196 cm, L�nge 330 cm, Breite 174 cm.
Rad: Durchmesser 143 cm.
Deichsel: L�nge 324 cm.","Holz. Eisen, geschmiedet, gewalzt. Eisenblech."
300866,LM-23580,Wagen und Schlitten,Feldschmiede,"Feldschmiede,  Ord. 1843, 4-r�drig, 1-teilig, mit Spitzblasbalg und 'Schiff'. Inhalt: Artillerie. Herstellung: Luzern. 1843. Herkunft: Eidg. Zeughaus, Rapperswil. 195 x 416 x 161 cm. Holz. Eisen, geschmiedet. Eisenblech. Leder. ",1843,Luzern. ,  ,Artillerie. ,"H�he 195 cm, L�nge 416 cm, Breite 161 cm.
Rad: Durchmesser 85 cm (vorne).
Rad: Durchmesser 148 cm (hinten).","Holz. Eisen, geschmiedet. Eisenblech. Leder."
375580,LM-23581.1-3,Wagen und Schlitten,R�stwagen,"Eidg. Ord. 1843, 2-teilig, aus Protze und Ausr�stungswagen mit 5 Kisten. Inhalt: Artillerie. Eidg. Ord. 1843. Herkunft: Eidg. Zeughaus, Rapperswil. 141 x 438 x 177 cm. Holz. Eisen, geschmiedet, gewalzt. Eisenblech. 

Literatur:
Literatur:
EMD [Hrsg.]: Gesch�tze, Fuhrwerke und Material der schweizerischen Artillerie - Offizielle Ausgabe / Pi�ces, Voitures et Mat�riel de l'Artillerie suisse - Edition officielle, Bern: EMD, 1896, Tafel 10 (�berstempelt 21), 'Batterie-R�stwagen. Ordonnanz 1843/69/74. Feld-Artillerie - Chariot de batterie. Ordonnance de 1843/69/74. Artillerie de campagne'. ",1843,,  ,Artillerie. ,"Fahrzeug: H�he 141 cm, L�nge 438 cm, Breite 177 cm.
Vorderteil: H�he 141 cm, L�nge 167 cm, Breite 177 cm.
Rad: Durchmesser 143 cm (vorne).
Hinterteil: H�he 140 cm, L�nge 324 cm, Breite 176 cm.
Rad: Durchmesser 143 cm (hinten).
Deichsel: L�nge 323 cm.","Holz. Eisen, geschmiedet, gewalzt. Eisenblech."
381549,LM-23582.1-3,Wagen und Schlitten,Feldschmiede,"Eidg. Ord. 1843, 2-teilig, aus Protze und Schmiedewagen mit Spitzblasbalg. Inhalt: Artillerie. Herstellung: Bern. 1843. Herkunft: Eidg. Zeughaus, Rapperswil. 186 x 421 x 176 cm. Holz. Eisen, geschmiedet. Eisenblech. Leder. 

Literatur:
- EMD [Hrsg.]: Gesch�tze, Fuhrwerke und Material der schweizerischen Artillerie - Offizielle Ausgabe / Pi�ces, Voitures et Mat�riel de l'Artillerie suisse - Edition officielle, Bern: EMD, 1896, Tafel 23, 'Batterie-Feldschmiede. Ordonnanz 1843. Feldartillerie - Forge de campagne de Batterie. Ordonnance de 1843. Artillerie de campagne'.
- Hildebrand, Carl: Zeughaus-Chronik Thun 1857-1982, Liebefeld / Bern: Lang Druck, 1982, S. 42 unten.
- Schneider, Hugo [Hrsg.]  /  Reinhart, Christian [Hrsg.]  /  am Rhyn, Michael [Hrsg.]  /  Sallaz, Kurt [Hrsg.]  /  Betschmann, Walter: Bewaffnung und Ausr�stung der Schweizer Armee seit 1817 - Artillerie I: Gesch�tze der Artillerie ohne mechanischen Rohrr�cklauf, Bd. 8, Dietikon-Z�rich: Verlag Stocker-Schmied, 1977, Abb. 330/331. ",1843,Bern. ,  ,Artillerie. ,"Fahrzeug: H�he 186 cm, L�nge 421 cm, Breite 176 cm.
Vorderteil: H�he 162 cm, L�nge 163 cm, Breite 176 cm.
Rad: Durchmesser 143 cm (vorne).
Hinterteil: H�he 186 cm, L�nge 311 cm, Breite 176 cm.
Rad: Durchmesser 144 cm (hinten).
L�nge 322 cm.","Holz. Eisen, geschmiedet. Eisenblech. Leder."
381550,LM-23583.1-3,Wagen und Schlitten,R�stwagen,"2-teilig, aus Protze und Ausr�stungswagen mit 4 Ausr�stungskisten. Inhalt: Artillerie. Eidg. Ord. 1871. Herkunft: Eidg. Zeughaus, Rapperswil. 163 x 426 x 175 cm. Holz. Eisen, gewalzt, geschmiedet. Eisenblech. 

Literatur:
EMD [Hrsg.]: Gesch�tze, Fuhrwerke und Material der schweizerischen Artillerie - Offizielle Ausgabe / Pi�ces, Voitures et Mat�riel de l'Artillerie suisse - Edition officielle, Bern: EMD, 1896, Tafel 11 (�berstempelt 22), 'Batterie-R�stwagen. Modell 1871. Feld-Artillerie - Chariot de batterie. Mod�le de 1871. Artillerie de campagne'. ",1871,,  ,Artillerie. ,"Fahrzeug: H�he 163 cm, L�nge 426 cm, Breite 175 cm.
Vorderteil: H�he 163 cm, L�nge 165 cm, Breite 175 cm.
Rad: Durchmesser 143 cm (vorne).
Hinterteil: H�he 163 cm, L�nge 304 cm, Breite 175 cm.
Rad: Durchmesser 143 cm (hinten).
Deichsel: L�nge 323 cm.","Holz. Eisen, gewalzt, geschmiedet. Eisenblech."
381551,LM-23584.1-2,Wagen und Schlitten,Sprengstoffwagen,"Eidg. Ord. 1882, geschlossen, 4-r�drig, Bocksitz auf dem Dach. Inhalt: Infanterie. Herstellung: Eidg. Konstruktionswerkst�tte, Thun. Datiert nach Marke 1887 - 1900. Herkunft: Eidg. Zeughaus, Rapperswil. 213 x 328 x 166 cm. 

Literatur:
- EMD [Hrsg.]: Fuhrwerke und Material der schweizerischen Genietruppen - Offizielle Ausgabe / Voitures et Mat�riel des Troupes de G�nie suisse - Edition officielle, Bern: EMD, 1896, Tafel 88, 'Munitions-Wagen. Ordonnanz 1882. Genie - Chariot de munition. Ordonnance 1882. G�nie'.
- Eidg. Konstruktions-Werkst�tte, Thun: Verzeichnis �ber die Photographien der Div. Fuhrwerke, Thun: o. J., Abb. 106/107, 'Sprengstoffwagen 1882/18, K+W 1200' [Thun, Bibliothek SAM, ex. Besitz Eidg. Kriegsmaterialverwaltung, Direktion Zeughausbetriebe]. ",1887 - 1900  ,"Eidg. Konstruktionswerkst�tte, Thun. ",  ,Infanterie. ,"H�he 213 cm, L�nge 328 cm, Breite 166 cm.
Rad: Durchmesser 100 cm (vorne).
Rad: Durchmesser 131 cm (hinten).
Deichsel: L�nge 343 cm.",
300947,LM-23585,Wagen und Schlitten,B�ckereiger�tschaftswagen (Pferdezug),"Eidg. Ord. 1885, 4-r�drig, mit hochbordigem Kasten und Bocksitz. Inhalt: Verpflegungstruppen. Herstellung: Eidg. Konstruktionswerkst�tte, Thun. Datiert nach Marke 1888. Herkunft: Eidg. Zeughaus, Rapperswil. 231 x 497 x 167 cm. Holz. Eisen, geschmiedet, gewalzt. Eisenblech. 

Literatur:
- EMD [Hrsg.]: Fuhrwerke und Material der schweizerischen Verwaltungstruppen - Offizielle Ausgabe / Voitures et Mat�riel des Troupes d'Administration suisse - Edition officielle, Bern: EMD, 1896, Tafeln 118 (Wagen gepackt)'Ger�tschaftswagen. Ordonanz 1885. Verwaltungstruppen. Gerade Nummern mit Wagenwinde. Ungerade Nummern ohne Wagenwinde - Chariot � ustensiles. Ordonannce de 1885. Troupes d'administration. Num�ro pair avec cric. Num�ro impaire sans cric.'und 118 bis. (Wagen mit Auslegeordnung der Ausr�stung)/119.
- Eidg. Konstruktions-Werkst�tte, Thun [Thun, Bibliothek SAM, ex. Besitz: Eidg. Kriegsmaterialverwaltung, Direktion Zeughausbetriebe]: Verzeichnis �ber die Photographien der Div. Fuhrwerke (Fourgon), Bd. 2, Thun o.J., Abb. 132, 'K+W 2230, B�ckerwagen mit Anh�ngerdeichsel (f�r Motorfahrzeugzug, Wagen bepackt mit seitlich hochgeschlagener Blache). ",1888,"Eidg. Konstruktionswerkst�tte, Thun. ",  ,Verpflegungstruppen. ,"H�he 231 cm, L�nge 497 cm, Breite 167 cm.
Rad: Durchmesser 102 cm (vorne).
Rad: Durchmesser 132 cm (hinten).","Holz. Eisen, geschmiedet, gewalzt. Eisenblech."
381552,LM-23586.1-2,Wagen und Schlitten,B�ckereiger�tschaftswagen (Pferdezug),"Eidg. Ord. 1885, 4-r�drig, mit hochbordigem Kasten und Bocksitz. Inhalt: Verpflegungstruppen. Herstellung: Eidg. Konstruktionswerkst�tte, Thun. Datiert nach Marke 1898. Herkunft: Eidg. Zeughaus, Rapperswil. 231 x 497 x 167 cm. Holz. Eisen, gewalzt, geschmiedet. Eisenblech. 

Literatur:
- EMD [Hrsg.]: Fuhrwerke und Material der schweizerischen Verwaltungstruppen - Offizielle Ausgabe / Voitures et Mat�riel des Troupes d'Administration suisse - Edition officielle, Bern: EMD, 1896, Tafeln 118 (Wagen gepackt)'Ger�tschaftswagen. Ordonanz 1885. Verwaltungstruppen. Gerade Nummern mit Wagenwinde. Ungerade Nummern ohne Wagenwinde - Chariot � ustensiles. Ordonannce de 1885. Troupes d'administration. Num�ro pair avec cric. Num�ro impaire sans cric.'und 118 bis. (Wagen mit Auslegeordnung der Ausr�stung)/119.
- Eidg. Konstruktions-Werkst�tte, Thun [Thun, Bibliothek SAM, ex. Besitz: Eidg. Kriegsmaterialverwaltung, Direktion Zeughausbetriebe]: Verzeichnis �ber die Photographien der Div. Fuhrwerke (Fourgon), Bd. 2, Thun o.J., Abb. 132, 'K+W 2230, B�ckerwagen mit Anh�ngerdeichsel (f�r Motorfahrzeugzug, Wagen bepackt mit seitlich hochgeschlagener Blache). ",1898,"Eidg. Konstruktionswerkst�tte, Thun. ",  ,Verpflegungstruppen. ,"H�he 231 cm, L�nge 497 cm, Breite 167 cm.
Rad: Durchmesser 102 cm (vorne).
Rad: Durchmesser 132 cm (hinten).
Deichsel: L�nge 342 cm.","Holz. Eisen, gewalzt, geschmiedet. Eisenblech."
381553,LM-23587.1-3,Wagen und Schlitten,Blessiertenwagen,"Eidg. Ord. 1870, 4-r�drig, offene mit festem Dach. Inhalt: Sanit�t. Herstellung: Eidg. Konstruktionswerkst�tte, Thun. Datiert nach Marke 1888. Herkunft: Eidg. Zeughaus, Rapperswil. 227 x 407 x 167 cm. Holz. Eisen, geschmiedet, gewalzt. Eisenguss. 

Literatur:
- B�hlmann, R. [Fotos] / Brunner, J. [Reprod.]: Die schweizerischen Armee-Fuhrwerke 1882 - Auf Veranlassung des Milit�r-Departementes / Les Voitures de Guerre de l'Arm�e suisse - Par d�cision du D�partement militaire, Bern: EMD, 1882, Tafeln 43/44 (2 Vorder- und 1 R�ckseite).
- EMD [Hrsg.]: Fuhrwerke der schweizerischen Infanterie und Kavallerie - Offizielle Ausgabe / Voitures de l'Infanterie et de la Cavalerie suisse - Edition officielle, Bern: EMD, 1896, Tafeln 100/101 (Aufnahmen identisch mit jenen in: Lehrbuch f�r die Sanit�tsmannschaft)
- Hildebrand, Carl: Zeughaus-Chronik Thun 1857-1982, Liebefeld / Bern: Lang Druck, 1982, Abb. S. 53 (mit alter, niedriger Verdeckausf�hrung).
- Schneider, Hugo [Hrsg.]  /  Reinhart, Christian [Hrsg.]  /  am Rhyn, Michael [Hrsg.]  /  Sallaz, Kurt [Hrsg.]  /  Betschmann, Walter: Bewaffnung und Ausr�stung der Schweizer Armee seit 1817 - Artillerie I: Gesch�tze der Artillerie ohne mechanischen Rohrr�cklauf, Bd. 8, Dietikon-Z�rich: Verlag Stocker-Schmied, 1977, Abb. 338 (Innenansicht).
- Schweizerische Armee [Hrsg.]: Lehrbuch f�r die Sanit�tsmannschaft, Aufl. 11, Bern 1906, Fig. 88, 89 u. 90. ",1888,"Eidg. Konstruktionswerkst�tte, Thun. ",  ,Sanit�t. ,"H�he 227 cm, L�nge 407 cm, Breite 167 cm.
Rad: Durchmesser 79 cm (vorne).
Rad: Durchmesser 109 cm (hinten).
Deichsel: L�nge 340 cm.","Holz. Eisen, geschmiedet, gewalzt. Eisenguss."
381571,LM-23589.1-3,Wagen und Schlitten,Sanit�ts-Fourgon,"Ehem. Ambulanz-Fourgon mit geschlossenem Kasten und Blachenb�gen, ohne Bocksitz. Inhalt: Sanit�t. Eidg. Ord. 1870. Herkunft: Eidg. Zeughaus, Rapperswil. 213 x 454 x 163 cm. Holz. Eisen, geschmiedet. Eisenblech. 

Literatur:
-  EMD [Hrsg.]: Fuhrwerke und Material der schweizerischen Verwaltungstruppen - Offizielle Ausgabe / Voitures et Mat�riel des Troupes d'Administration suisse - Edition officielle, Bern: EMD, 1896, Tafeln 103 'Ambulanzen-Fourgon. Ordonnanz 1870/80. Sanit�tstruppen. -  Fourgon d'ambulance. Ordonnance de 1870/80. Troupes sanitaires.'
- Eidg. Konstruktions-Werkst�tte, Thun: Verzeichnis �ber die Photographien der Div. Fuhrwerker (Fourgon), Band 2, Thun: o. J., Abb. 109/110, 'K+W 1210/1211 [Thun, Bibliothek SAM, ex. Besitz Eidg. Kriegsmaterialverwaltung, Direktion Zeughausbetriebe].
Hildebrand, Carl, Zeughaus-Chronik Thun 1857-1982, Liebefeld/Bern, 1982, Abb. S. 30 oben und unten.
- Schneider, Hugo [Hrsg.]  /  Reinhart, Christian [Hrsg.]  /  am Rhyn, Michael [Hrsg.]  /  Sallaz, Kurt [Hrsg.]  /  Betschmann, Walter: Bewaffnung und Ausr�stung der Schweizer Armee seit 1817 - Artillerie I: Gesch�tze der Artillerie ohne mechanischen Rohrr�cklauf, Bd. 8, Dietikon-Z�rich: Verlag Stocker-Schmied, 1977, Abb. 350.
- Arm�e suisse: Instruction pour les sous-officiers d'armement et les armuriers, Berne: Imprimerie Paul Haller, 1887, Tafel IV. ",1870,,  ,Sanit�t. ,"H�he 213 cm, L�nge 454 cm, Breite 163 cm.
Rad: Durchmesser 103 cm (vorne).
Rad: Durchmesser 133 cm (hinten).
Deichsel: L�nge 342 cm.","Holz. Eisen, geschmiedet. Eisenblech."
381572,LM-23590.1-2,Wagen und Schlitten,Ger�tschaftswagen,"Pontonier-R�stwagen, Eidg. Ord. 1878, 4-r�drig, mit Boot (fehlt), mit Bocksitz. Inhalt: Pontoniere. Herstellung: Eidg. Konstruktionswerkst�tte, Thun. Datiert nach Marke 1890. Herkunft: Eidg. Zeughaus, Rapperswil. 154 x 512 x 163 cm. Eisen, gewalzt, geschmiedet. Holz. 

Literatur:
EMD [Hrsg.]: Fuhrwerke und Material der schweizerischen Genietruppen - Offizielle Ausgabe / Voitures et Mat�riel des Troupes du G�nie suisse - Edition officielle, Bern: EMD, 1896, Tafel 79, 'Pontonnier-R�stwagen mit gerader Nummer. Ordonnanz 1878. Genie - Chariot de pontonniers � num�ro pair. Ordonnance de 1878. G�nie'. ",1890,"Eidg. Konstruktionswerkst�tte, Thun. ",  ,Pontoniere. ,"H�he 154 cm, L�nge 512 cm, Breite 163 cm.
Rad: Durchmesser 103 cm (vorne).
Rad: Durchmesser 132 cm (hinten).
Deichsel: L�nge 342 cm.","Eisen, gewalzt, geschmiedet. Holz."
381574,LM-23591.1-3,Wagen und Schlitten,R�stwagen,"(2-teilig), 4-r�drig mit gleich grossen R�dern, geschlossen, ohne Bocksitz. Inhalt: Sappeure. Eidg. Ord. 1867. Herkunft: Eidg. Zeughaus, Rapperswil. 188 x 440 x 163 cm. Holz. Eisen, geschmiedet. Eisenblech. 

Literatur:
EMD [Hrsg.]: Fuhrwerke und Material der schweizerischen Genietruppen - Offizielle Ausgabe / Voitures et Mat�riel des Troupes du G�nie suisse - Edition officielle, Bern: EMD, 1896, Tafel 77 'Sappeur-R�stwagen. Ordonnanz 1867. Genie - Chariot de sapeurs. Ordonnance de 1889. G�nie'. ",1867,,  ,Sappeure. ,"Fahrzeug: H�he 188 cm, L�nge 440 cm, Breite 163 cm.
Vorderteil: H�he 184 cm, L�nge 198 cm, Breite 163 cm.
Rad: Durchmesser 133 cm (vorn).
Hinterteil: H�he 188 cm, L�nge 340 cm, Breite 163 cm.
Rad: Durchmesser 133 cm (hinten).
Deichsel: L�nge 344 cm.","Holz. Eisen, geschmiedet. Eisenblech."
381575,LM-23592.1-2,Wagen und Schlitten,R�stwagen,"Eidg. Ord. 1880, 4-r�drig, geschlossen, ohne Bocksitz und Dachgalerie. Inhalt: Eisenbahntruppen. Herstellung: Eidg. Konstruktionswerkst�tte, Thun. Datiert nach Marke 1880. Herkunft: Eidg. Zeughaus, Rapperswil. 199 x 442 x 163 cm. Holz. Eisen, geschmiedet. 

Literatur:
EMD [Hrsg.]: Fuhrwerke und Material der schweizerischen Genietruppen - Offizielle Ausgabe / Voitures et Mat�riel des Troupes du G�nie suisse - Edition officielle, Bern: EMD, 1896, �hnlich Tafel 87 'Mineurr�stwagen f�r Eisenbahnkompagnien. Ordonnanz 1880. (Tr�gt gerade Nummern.) - Chariot de mineurs pour compagnies de chemin de fer. Ordonnance de 1880 (Porte un num�ro pair.).'. ",1880,"Eidg. Konstruktionswerkst�tte, Thun. ",  ,Eisenbahntruppen. ,"H�he 199 cm, L�nge 442 cm, Breite 163 cm.
Rad: Durchmesser 103 cm (vorne).
Rad: Durchmesser 133 cm (hinten).
Deichsel: L�nge 342 cm.","Holz. Eisen, geschmiedet."
381576,LM-23593.1-2,Wagen und Schlitten,B�ckereiger�tschaftswagen (Pferdezug),"Eidg. Ord. 1874, 4-r�drig, offen, mit Bocksitz. Inhalt: Verpflegungstruppen. Herstellung: Eidg. Konstruktionswerkst�tte, Thun. Datiert nach Marke 1876. Herkunft: Eidg. Zeughaus, Rapperswil. 191 x 471 x 163 cm. Holz. Eisen, geschmiedet. Eisenblech. 

Literatur:
EMD [Hrsg.]: Fuhrwerke und Material der schweizerischen Verwaltungstruppen - Offizielle Ausgabe / Voitures et Mat�riel des Troupes d'Administration suisse - Edition officielle, Bern: EMD, 1896, �hnlich Tafel 120 (deutliche Unterschiede im Bereich der Befestigung der Seitenw�nde auf den L�ngstr�gern, im Bereich des Fussbrettes, zus�tzlich seitliche klappbare Trittbretter und 4 Blachenb�gen 'Proviantwagen. Ordonnanz 1871. -  Char � approvisionnements. Ordonnance de 1871.'. ",1876,"Eidg. Konstruktionswerkst�tte, Thun. ",  ,Verpflegungstruppen. ,"H�he 191 cm, L�nge 471 cm, Breite 163 cm.
Rad: Durchmesser 102 cm (vorne).
Rad: Durchmesser 132 cm.
Deichsel: L�nge 342 cm.","Holz. Eisen, geschmiedet. Eisenblech."
381584,LM-23596.1-3,Wagen und Schlitten,Park-Caisson,"2-teilig, aus Protze und Caisson, ohne Ausr�stung. Inhalt: Artillerie. Eidg. Ord. 1870. Herkunft: Eidg. Zeughaus, Rapperswil. 180 x 427 x 177 cm. Holz. Eisen, geschmiedet, gewalzt. Eisenblech. 

Literatur:
Eidg. Konstruktions-Werkst�tte, Thun: Verzeichnis �ber die Photographien der Gesch�tze & Art. Fuhrwerke, Thun: o. J., Abb. 70 ('Aufnahmen), 'K+W 631/633' [Thun, Bibliothek SAM, ex. Besitz Eidg. Kriegsmaterialverwaltung, Direktion Zeughausbetriebe]. ",1870,,  ,Artillerie. ,"Fahrzeug: H�he 180 cm, L�nge 427 cm, Breite 177 cm.
Vorderteil: H�he 180 cm, L�nge 165 cm, Breite 177 cm.
Rad: Durchmesser 143 cm (vorn).
Hinterteil: H�he 172 cm, L�nge 319 cm, Breite 177 cm.
Rad: Durchmesser 143 cm (hinten).
Deichsel: L�nge 368 cm.","Holz. Eisen, geschmiedet, gewalzt. Eisenblech."
381560,LM-23597.1-3,Wagen und Schlitten,Caisson,"Artillerie-Park-Caisson, Eidg. Ord. 1884, zu 12 cm Gesch�tz, 2-teilig. Inhalt: Artillerie. Herstellung: Eidg. Konstruktionswerkst�tte, Thun. Datiert nach Marke 1914. Herkunft: Eidg. Zeughaus, Rapperswil. 177 x 428 x 178 cm. Holz. Eisen, gewalzt, geschmiedet. Eisenblech, genietet. 

Literatur:
dg. Konstruktions-Werkst�tte, Thun: Verzeichnis �ber die Photographien der Gesch�tze & Art. Fuhrwerke, Bd. 3, Thun: o. J., Abb. 57/65, 'K+W 1217/1229' [Thun, Bibliothek SAM, ex. Besitz Eidg. Kriegsmaterialverwaltung, Direktion Zeughausbetriebe]. ",1914,"Eidg. Konstruktionswerkst�tte, Thun. ",  ,Artillerie. ,"Fahrzeug: H�he 177 cm, L�nge 428 cm, Breite 178 cm.
Vorderteil: H�he 167 cm, L�nge 180 cm, Breite 178 cm (L�nge ohne Deichsel).
Rad: Durchmesser 124 cm (vorne).
Hinterteil: H�he 177 cm, L�nge 255 cm, Breite 178 cm.
Rad: Durchmesser 124 cm (hinten).
Deichsel: L�nge 301 cm.","Holz. Eisen, gewalzt, geschmiedet. Eisenblech, genietet."
381562,LM-23598.1-2,Wagen und Schlitten,Drahtwagen,"Drahtwagen, Eidg. Ord. 1924, �bermittlungstr., 4-r�drig, mit Mannschaftssitzen. Inhalt: �bermittlungstruppen. Herstellung: Eidg. Konstruktionswerkst�tte, Thun. Datiert nach Marke 1925. Herkunft: Eidg. Zeughaus, Rapperswil. 178 x 394 x 164 cm. Holz. Eisen, gewalzt, geschmiedet. Eisenblech. 

Literatur:
- Eidg. Konstruktions-Werkst�tte, Thun [Thun, Bibliothek SAM, ex. Besitz: Eidg. Kriegsmaterialverwaltung, Direktion Zeughausbetriebe]: Verzeichnis �ber die Photographien der Gesch�tze & Art. Fuhrwerke (Fourgon), Bd. 3, Thun o.J., Abb. 55 (2 Aufnahmen)., 'K+W 13030/1304'.
- Hildebrand, Carl: Zeughaus-Chronik Thun 1857-1982, Liebefeld / Bern: Lang Druck, 1982, S. 169 oben.
- Eidg. Konstruktions-Werkst�tte, Thun [Thun, Bibliothek SAM, ex. Besitz: Eidg. Kriegsmaterialverwaltung, Direktion Zeughausbetriebe]: Verzeichnis �ber die Photographien der Gesch�tze & Art. Fuhrwerke (Fourgon), Bd. 3, Thun o.J., Abb. 55 (2 Aufnahmen).
- Schneider, Hugo [Hrsg.]  /  Reinhart, Christian [Hrsg.]  /  am Rhyn, Michael [Hrsg.]  /  Sallaz, Kurt [Hrsg.]  /  Stutz, Walter: Bewaffnung und Ausr�stung der Schweizer Armee seit 1817 - Artillerie II: Rohr�cklaufgesch�tze der Artillerie und der schweren Fliegerabwehr, Bd. 9, Dietikon-Z�rich: Verlag Stocker-Schmied, 1977, Abb. 157.
- Kriegsmaterialverwaltung, Direktion der Zeughausbetriebe, Sektion Korps- und Reservematerial: Masskizzen div. Fuhrwerke (Schweiz.  Armeemuseum, AM 7228, 833-2004, Pos. 33.5), Blatt 106034. ",1925,"Eidg. Konstruktionswerkst�tte, Thun. ",  ,�bermittlungstruppen. ,"H�he 178 cm, L�nge 394 cm, Breite 164 cm.
Rad: Durchmesser 88 cm (vorne).
Rad: Durchmesser 103 cm (hinten).
Deichsel: L�nge 300 cm.","Holz. Eisen, gewalzt, geschmiedet. Eisenblech."
381586,LM-23599,Wagen und Schlitten,Transportwagen f�r Tandemzug,"2-r�drig, f�r Rohre zu 7,5 cm Feldkanone. Inhalt: Artillerie. 1900 - 1910. Herkunft: Eidg. Zeughaus, Rapperswil. 81 x 301 x 101 cm. Holz. Eisen, geschmiedet, gewalzt. Eisenblech. 

Literatur:
Schneider, Hugo [Hrsg.]  /  Reinhart, Christian [Hrsg.]  /  am Rhyn, Michael [Hrsg.]  /  Sallaz, Kurt [Hrsg.]  /  Stutz, Walter: Bewaffnung und Ausr�stung der Schweizer Armee seit 1817 - Artillerie II: Rohr�cklaufgesch�tze der Artillerie und der schweren Fliegerabwehr, Bd. 9, Dietikon-Z�rich: Verlag Stocker-Schmied, 1977, Abb. 160. ",1900 - 1910  ,,  ,Artillerie. ,"H�he 81 cm, L�nge 301 cm, Breite 101 cm.
.","Holz. Eisen, geschmiedet, gewalzt. Eisenblech."
375596,LM-23600,Wagen und Schlitten,Brieftaubenwagen,"4-r�driger ex. Post-Gep�ckwagen, mit Bocksitz und aufgesetztem Taubenschlag. Inhalt: Brieftaubendienst. Eidg. Ord. 1917. Herkunft: Eidg. Zeughaus; Eidg. Zeughaus, Rapperswil. 239 x 375 x 168 cm. Holz. Eisen, geschmiedet, gewalzt. Eisenblech. 

Literatur:
Hildebrand, Carl: Gefiederte Kuriere - Der Brieftaubendienst der Schweizer Armee 1917-1994, Wabern: Carl Hildebrand, 2001, Texte mit Abb. S. 83, 86, 92, 119, 127, 199 u. 200. ",1917,,    ,Brieftaubendienst. ,"H�he 239 cm, L�nge 375 cm, Breite 168 cm.
Rad: Durchmesser 91 cm (vorne).
Rad: Durchmesser 123 cm (hinten).","Holz. Eisen, geschmiedet, gewalzt. Eisenblech."
381578,LM-23601.1-6,Wagen und Schlitten,Werkzeugwagen,"Eidg. Ord. 1916, zu Sch. 15 cm Feld-Haub., 4-r�drig, offene Br�cke und Bocksitz. Inhalt: Artillerie. Herstellung: Eidg. Konstruktionswerkst�tte, Thun. 1917. Herkunft: Eidg. Zeughaus, Rapperswil. 185 x 374 x 164 cm. Holz. Eisen, gewalzt, geschmiedet. 

Literatur:
- Eidg. Konstruktions-Werkst�tte, Thun: Verzeichnis �ber die Photographien der Gesch�tze & Art. Fuhrwerke, Bd. 3, Thun: o. J., Abb. 66 (2 Aufnahmen), 'K+W 1230/1231' [Thun, Bibliothek SAM, ex. Besitz Eidg. Kriegsmaterialverwaltung, Direktion Zeughausbetriebe].
- Kriegsmaterialverwaltung, Direktion der Zeughausbetriebe, Sektion Korps- und Reservematerial: Masskizzen div. Fuhrwerke (Schweiz. Armeemuseum, AM 7228, 833-2004, Pos. 33.5), Blatt 106024. ",1917,"Eidg. Konstruktionswerkst�tte, Thun. ",  ,Artillerie. ,"H�he 185 cm, L�nge 374 cm, Breite 164 cm.
Rad: Durchmesser 89 cm (vorne).
Rad: Durchmesser 103 cm (hinten).
Deichsel: L�nge 300 cm (Pferdezug).
Deichsel: L�nge 116 cm (Motorfahrzeugzug).","Holz. Eisen, gewalzt, geschmiedet."
381561,LM-23602.1-2,Wagen und Schlitten,Schanzzeugwagen,"Eidg. Ord. 1916, zu Sch. 15 cm Feld-Haub., 4-r�drig, offene Br�cke und Bocksitz. Inhalt: Artillerie. Herstellung: Eidg. Konstruktionswerkst�tte, Thun. Datiert nach Marke 1917. Herkunft: Eidg. Zeughaus, Rapperswil. 245 x 374 x 163 cm. Holz. Eisen, gewalzt, geschmiedet. Eisenblech. 

Literatur:
- Eidg. Konstruktions-Werkst�tte, Thun: Verzeichnis �ber die Photographien der Gesch�tze & Art. Fuhrwerke, Bd. 3, Thun: o. J., Abb. 67, 'K+W 1232' [Thun, Bibliothek SAM, ex. Besitz Eidg. Kriegsmaterialverwaltung, Direktion Zeughausbetriebe].
- Kriegsmaterialverwaltung, Direktion der Zeughausbetriebe, Sektion Korps- und Reservematerial: Masskizzen div. Fuhrwerke (Schweiz. Armeemuseum, AM 7228, 833-2004, Pos. 33.5), Blatt 106021. ",1917,"Eidg. Konstruktionswerkst�tte, Thun. ",  ,Artillerie. ,"H�he 245 cm, L�nge 374 cm, Breite 163 cm.
Rad: Durchmesser 88 cm (vorne).
Rad: Durchmesser 103 cm (hinten).
Deichsel: L�nge 300 cm.","Holz. Eisen, gewalzt, geschmiedet. Eisenblech."
381557,LM-23603.1-2,Wagen und Schlitten,Sprengstoffwagen,"Eidg. Ord. 1882, geschlossen, 4-r�drig, Bocksitz auf dem Dach. Inhalt: Genie-/Festungstruppen. Herstellung: Eidg. Konstruktionswerkst�tte, Thun. Datiert nach Marke 1887. Herkunft: Eidg. Zeughaus, Rapperswil. 213 x 328 x 166 cm. 

Literatur:
- EMD [Hrsg.]: Fuhrwerke und Material der schweizerischen Genietruppen - Offizielle Ausgabe / Voitures et Mat�riel des Troupes de G�nie suisse - Edition officielle, Bern: EMD, 1896, Tafel 88, 'Munitions-Wagen. Ordonnanz 1882. Genie - Chariot de munition. Ordonnance 1882. G�nie'.
- Eidg. Konstruktions-Werkst�tte, Thun: Verzeichnis �ber die Photographien der Div. Fuhrwerke, Thun: o. J., Abb. 106/107, 'Sprengstoffwagen 1882/18, K+W 1200/1205' [Thun, Bibliothek SAM, ex. Besitz Eidg. Kriegsmaterialverwaltung, Direktion Zeughausbetriebe]. ",1887,"Eidg. Konstruktionswerkst�tte, Thun. ",  ,Genie-/Festungstruppen. ,"H�he 213 cm, L�nge 328 cm, Breite 166 cm.
Rad: Durchmesser 100 cm (vorne).
Deichsel: L�nge 343 cm.",
381565,LM-23604.1-2,Wagen und Schlitten,Ambulanz-Fourgon,"Ambulanz-Fourgon, geschlossen, 4-r�drig, Langbaumfahrgestell. Inhalt: Sanit�t. Eidg. Ord. 1877. Herkunft: Eidg. Zeughaus, Rapperswil. 240 x 372 x 168 cm (H. �ber Laternenhalt). Holz. Eisen, geschmiedet. Eisenblech. 

Literatur:
fizielle Ausgabe / Voitures et Mat�riel des Troupes d'Administration suisse - Edition officielle, Bern: EMD, 1896, Tafeln 102, 'Reservefourgon f�r Korpslazarett. Ordonnanz 1877. Sanit�tstruppen (fr�her Ambulanz Fourgon. Ordonnanz 1857) - Fourgon de r�serve du lazaret de corps d'arm�e. Ordonnance de 1877. Troupes sanitaires (ci-devant fourgon d'ambulance. Ordonnance de 1857)'.
- EMD [Hrsg.]: Illustriertes Handbuch mit Daten �ber Fuhrwerke, Gesch�tze, Maschinen und Ger�te, Bern: EMD, 1896 (gebundenes Ex. Der Kriegsmaterialverwaltung, Direktion der Zeughausbetriebe, Sektion Korps- und Reservematerial), Tafel 102. 
- Schneider, Hugo Hrsg.]  /  Betschmann, Walter: Bewaffnung und Ausr�stung der Schweizer Armee seit 1817 - Artillerie I: Gesch�tze der Artillerie ohne mechanischen Rohrr�cklauf, Bd. 8, Dietikon-Z�rich: Verlag Stocker-Schmied, 1977, Ab. 349. ",1877,,  ,Sanit�t. ,"H�he 240 cm, L�nge 372 cm, Breite 168 cm (H. �ber Laternenhalt).
Rad: Durchmesser 100 cm (vorne).
Rad: Durchmesser 100 cm.
Deichsel: L�nge 324 cm.","Holz. Eisen, geschmiedet. Eisenblech."
381583,LM-23615.1-3,Wagen und Schlitten,Caisson,"Caisson zu 15 cm schwerer Feld-Haubitze, 2-teilig. Inhalt: Artillerie. Herstellung: Eidg. Zeughaus, Rapperswil. Eidg. Ord. 1916. 193 x 379 x 200 cm. Stahlblech, gepresst, genietet. Stahl, geschmiedet. Eisen, geschmiedet. Holz. 

Literatur:
Literatur:
- Eidg. Konstruktions-Werkst�tte, Thun [Thun, Bibliothek SAM, ex. Besitz: Eidg. Kriegsmaterialverwaltung, Direktion Zeughausbetriebe]: Verzeichnis �ber die Photographien der Gesch�tze & Art. Fuhrwerke (Fourgon), Bd. 3, Thun o.J., Abb. 61 'K+W 1223', Abb. 62 'K+W 1224', Abb. 63 'K+W 1225', Abb. 64 'K+W 1226'.
 - Kriegsmaterialverwaltung, Direktion der Zeughausbetriebe, Sektion Korps- und Reservematerial: Masskizzen div. Fuhrwerke (Schweiz.  Armeemuseum, AM 7228, 833-2004, Pos. 33.5), Blatt 106044. ",1916,"Eidg. Zeughaus, Rapperswil. ",,Artillerie. ,"Fahrzeug: H�he 193 cm, L�nge 379 cm, Breite 200 cm.
Vorderteil: H�he 191 cm, L�nge 203 cm, Breite 200 cm.
Rad: Durchmesser 140 cm (vorn).
Hinterteil: H�he 193 cm, L�nge 204 cm, Breite 200 cm.
Rad: Durchmesser 140 cm.
Deichsel: L�nge 362 cm.","Stahlblech, gepresst, genietet. Stahl, geschmiedet. Eisen, geschmiedet. Holz."
171617,LM-30449,Wagen und Schlitten,Schlitten,"Typologisch ein Vorl�ufer des Grindelwaldnerschlittens. Kufen emporgef�hrt. Herstellung: wohl Krattigen. Datiert 1889. Herkunft: Christ(en) M�ller. 33,5 x 77 x 35 cm. ",1889,wohl Krattigen. ,Besitzer ,,"H�he 33.5 cm, L�nge 77 cm, Breite 35 cm.",
172028,LM-35581,Wagen und Schlitten,Schlitten,"Die L�ngsseiten mit je 3 dekorativen Eisenb�ndern beschlagen. Herstellung: Hersteller Kessler. 1800 - 1900. 23,5 x 45,5 x 35 cm. Nussbaumholz, beschlagen. ",1800 - 1900  ,Hersteller Kessler. ,,,"H�he 23.5 cm, L�nge 45.5 cm, Breite 35 cm.","Nussbaumholz, beschlagen."
8429,LM-35586,Wagen und Schlitten,Handwagen,Br�ckenwagen mit Handzug. 1900 - 1910. ,1900 - 1910  ,,,,,
8422,LM-41274,Wagen und Schlitten,Wirtschaftswagen,Kombiniert f�r Gras und Mist. 1890 - 1900. 503 x 162 cm (Wagen mit Deichsel). Holz. ,1890 - 1900  ,,,,"Wagen mit Deichsel: L�nge 503 cm, Breite 162 cm.",Holz.
8430,LM-44206.1-2,Wagen und Schlitten,Fasstransportwagen,Ladebr�cke: 2 in der Mitte leicht nach aussen gebogene Langh�lzer. Inhalt: K�ferei. 1800 - 2000. Herkunft: August Lenzin (?1968). 380 x 100 x 60 cm. Tannenholz. ,1800 - 2000,,K�fer ,K�ferei. ,"H�he 380 cm, Breite 100 cm, Tiefe 60 cm.",Tannenholz.
148699,LM-46926.b,Wagen und Schlitten,Rettungsschlitten,"Modell Hunger-Gut, ALN-331-4760. 1900 - 2000. Herkunft: Zeughaus Interlaken. 104 x 297 x 67 x 30 cm. ",1900 - 2000  ,,  ,,"H�he 104 cm, L�nge 297 cm, Breite 67 cm, Tiefe 30 cm.",
8414,LM-52445,Wagen und Schlitten,Handwagen,"Kastenf�rmiger Aufbau mit Blech beschlagen, Auslieferwagen d. Confiserie Chardon. Um 1900. Herkunft: Chardon Confiserie (1911 - 1987), Z�rich. 188 x 100 x 140 cm. ",1900,,   (Objekt),,"H�he 188 cm, Breite 100 cm, Tiefe 140 cm.",
141917,LM-53378,Wagen und Schlitten,Kinderstossschlitten,"Vorn mit hochgezogenem Bug, hinten mit Querstange zum Stossen. Um 1890. Herkunft: Familie Egg, Winterthur. 100 x 35 x 23 cm. Hartholz, bemalt, gefasst (Fassmalerei). ",1890,,Besitzer ,,"H�he 100 cm, Breite 35 cm, Tiefe 23 cm.","Hartholz, bemalt, gefasst (Fassmalerei)."
8423,LM-55455,Wagen und Schlitten,Wirtschaftswagen,"Einsetzbar als Holz-, Heu-, oder Mistwagen. 485 x 112 x 62 cm. ",,,,,"H�he 485 cm, Breite 112 cm, Tiefe 62 cm.",
133641,LM-58357,Wagen und Schlitten,Schlitten,"Sitzfl�che aus 4 L�ngsh�lzern, eiserne Querstange vorn mit 4 Eisenringen. 1890 - 1900. Herkunft: Familie Matter, K�lliken. 28 x 87 x 34 cm. Buchenholz. ",1890 - 1900  ,,Besitzer ,,"H�he 28 cm, L�nge 87 cm, Breite 34 cm.",Buchenholz.
8424,LM-59950,Wagen und Schlitten,Lediwagen,"Vierr�deriger Leiterwagen f�r Pferdezug. Inhalt: Alpwirtschaft. Herstellung: Appenzell (Region). Um 1850 - 1950. Herkunft: Familie Kn�pfel, Hundwil (AR), Hof Im Ramsten; Familie Kn�pfel, Hundwil. 307 x 130 x 107 cm. ",1850 - 1950  ,Appenzell (Region). ,Besitzer    (Objekt),Alpwirtschaft. ,"H�he 307 cm, Breite 130 cm, Tiefe 107 cm.",
8415,LM-60878,Wagen und Schlitten,Holzr�ckekarren,"Zum 'R�cken' v. Baumst�mmen verwendet, d.unter d.Achse a.Ketten angeh�ngt wurden. Herstellung: wohl Gustav Gutknecht (?1956), Thalheim an der Thur. Um 1950. 310 x 167 cm. Eschenholz. ",1950,"wohl Gustav Gutknecht (?1956), Thalheim an der Thur. ",,,"H�he 310 cm, Breite 167 cm.",Eschenholz.
8428,LM-61968,Wagen und Schlitten,Leiterwagen,"F�r Heutransport; altert�mliche Konstruktion, zerlegbar. 1800 - 1900. 150 x 97 x 73 cm. ",1800 - 1900  ,,,,"H�he 150 cm, Breite 97 cm, Tiefe 73 cm.",
8416,LM-62174,Wagen und Schlitten,Karren,"F�r Pferde- oder Ochsenzug, mit fester Deichsel. Um 1925 - 1950. 386 x 120 x 100 cm. Eschenholz. ",1925 - 1950  ,,,,"H�he 386 cm, Breite 120 cm, Tiefe 100 cm.",Eschenholz.
5959,LM-64751,Wagen und Schlitten,Schlitten,"Brettkufenschlitten, sog. F�dlitrucke. Herstellung: Waadt. 1840 - 1860. 19,5 x 50,5 x 27 cm. Eisen, bemalt. Holz, bemalt. ",1840 - 1860  ,Waadt. ,,,"H�he 19.5 cm, L�nge 50.5 cm, Breite 27 cm.","Eisen, bemalt. Holz, bemalt."
119472,LM-67337,Wagen und Schlitten,Heuschlitten,"Leicht gebauter Hornschlitten; �ber aufgebogenen Kufen 2 Joche. Inhalt: Ackerbau. 1900 - 1950. 100 x 204 x 87 cm. Eschenholz. 

Literatur:
Vgl. W. Speiser: Bilder zur Basler Geschichte, Basel 1940, S. 75. ",1900 - 1950  ,,,Ackerbau. ,"Br�cke: H�he 100 cm, L�nge 204 cm, Breite 87 cm.",Eschenholz.
8493,LM-68058,Wagen und Schlitten,Jagdwagen,"Offener Wagen 'vis-�-vis, 6 Sitze. Inhalt: Kutsche. Herstellung: Fabrikant Kauffmann & Cie., Basel. 1900 - 1910. Herkunft: Ruckstuhl, St. Gallen. 588 x 165,5 x 205 cm. ",1900 - 1910  ,"Fabrikant Kauffmann & Cie., Basel. ",   (Objekt),Kutsche. ,"H�he 588 cm, Breite 165.5 cm, Tiefe 205 cm.",
112958,LM-68059.1-3,Wagen und Schlitten,Dog-Cart,"Dos-�-Dos, 4 Sitze. Inhalt: Kutsche. Herstellung: Hersteller J. Kaspar Geissberger, Z�rich. 1900 - 1910. 397 x 183 x 172 cm. ",1900 - 1910  ,"Hersteller J. Kaspar Geissberger, Z�rich. ",,Kutsche. ,"H�he 397 cm, Breite 183 cm, Tiefe 172 cm.",
8404,LM-69043.1-3,Wagen und Schlitten,Kinderwagen,"R�ckenlehnbrett und Staketen konturiert ausges�gt. Wappen u. Initialen PPG. Inhalt: Familienwappen Familie Paul Gross (Paulgross) M�stair. Datiert 1778. 60 x 53 x 59,5 cm. Objekt: Fichtenholz. Objekt: Birkenholz. ",1778,,,Familienwappen Familie Paul Gross (Paulgross) M�stair. ,"H�he 60 cm, L�nge 142 cm, Breite 53 cm (mit Deichsel).",Objekt: Fichtenholz. Objekt: Birkenholz.
113481,LM-69284.1-8,Wagen und Schlitten,Pferdeschlitten,"Ein- oder zweisp�nnig, Bock und Herrensitz je zweipl�tzig. Inhalt: Pferdegespann. 1840 - 1860. Herkunft: Oberneunforn. 250 x 120 cm. Eisen. ",1840 - 1860  ,,  ,Pferdegespann. ,"H�he 250 cm, Breite 120 cm.",Eisen.
539,LM-70431,Wagen und Schlitten,Schlitten,"Mit hochaufragenden Kufen. Rostrot bemalt. Herstellung: Bern. Um 1880. Herkunft: Familie Schlappbach, Steffisburg. 42,5 x 78,5 x 36,5 cm. Eschenholz. ",1880,Bern. ,Besitzer ,,"H�he 42.5 cm, L�nge 78.5 cm, Breite 36.5 cm.",Eschenholz.
6827,LM-71365,Wagen und Schlitten,Schlittenkasten,"Seitenteile eines gestaffelten Zweipl�tzers mit Lakaienbrett. Inhalt: Winterliche Vergn�gungen. Jagdszene. Herstellung: Anonym. Um 1760. Herkunft: Fischingen (TG), Kloster; Heinrich Angst-Jennings (1847 - 1922), Regensberg. 167 x 252 x 98 cm. Holz, �l. 

Literatur:
A. KNOEPFLI, Kdm TG 2, 1955, S. 219, S. 220, Abb. 206 (dem Maler Johann Baptist Ittasohn zugeschrieben). - H.-P. MATHIS u.a., Barockes Fischingen, Katalog zur Ausstellung Kloster Fischingen, 27.9.-27.10.1992, S. 291, Nr. 3.3.18. - A. FURGER, Kutschen und Schlitten in der Schweiz, Vom Streitwagen zum Stadtcoup�, Z�rich 1993, S. 34, Abb. 40. ",1760,Anonym. ,   (nach Kn�pfli)Sammler ,Winterliche Vergn�gungen. Jagdszene. ,"H�he 167 cm, L�nge 252 cm, Breite 98 cm.","Holz, �l."
103115,LM-73381,Wagen und Schlitten,Leichenwagen,F�r 1 Pferd. Auf dem Wagenboden h�lzerne Schienen zum Einschieben der Sargbahre. Inhalt: Tod und Sterben. 1894. 335 x 150 cm. Rad: Messing. ,1894,,,Tod und Sterben. ,"H�he 335 cm, Breite 150 cm.",Rad: Messing.
111065,LM-73813,Wagen und Schlitten,Stossschlitten,"3-pl�tzig; Bug aus Holz, mit goldbronziertem Schwanenkopf. Inhalt: Schwan (Objekt). 1850 - 1900. 88 x 137 x 74 cm (Max. Ausdehnung, Ku). Eisen, lackiert. ",1850 - 1900  ,,, Schwan (Objekt). ,"H�he 88 cm, L�nge 137 cm, Breite 74 cm ( Max. Ausdehnung, Ku).","Eisen, lackiert."
179938,LM-76488,Wagen und Schlitten,Motorrad,"2-Zylinder V-Motor, Antrieb auf Hinterrad �ber Keilriemen. Herstellung: Hersteller Moser Fritz (1904 - 1936); Moser Fritz (1904 - 1936). 1906. 95 x 190 x 72 cm. Eisen. ",1906,Hersteller Moser Fritz (1904 - 1936); Moser Fritz (1904 - 1936),,,"H�he 95 cm, L�nge 190 cm, Breite 72 cm.",Eisen.
179939,LM-76489,Wagen und Schlitten,Fahrrad,"Niederrad, Marke `Adler`; Pneus Hartgummi, Bremse auf Vorderrad, Ledersattel. Herstellung: Adler. 1890. ",1890,Adler. ,,,,
179941,LM-76490,Wagen und Schlitten,Fahrrad,"Herrenfahrrad, Marke Wega, Typ `Cosmos`. Herstellung: Schild & Co. Th., Biel. 1920. ",1920,"Schild & Co. Th., Biel. ",,,,
179943,LM-76491,Wagen und Schlitten,Fahrrad,"Niederrad (Kreuzrohr); Bremse auf Vorderrad (Hartgummi), Fussst�tzen. 1890. 109 x 180 x 67 cm. ",1890,,,,"H�he 109 cm, L�nge 180 cm, Breite 67 cm.",
179944,LM-76492,Wagen und Schlitten,Fahrrad,"Marke `D�rkopp` mit Kardanantrieb und Nagelf�nger, SSM 1981-1056, 1899. Datiert 1899. 140 x 180 x 53 cm. Eisen. ",1899,,,,"H�he 140 cm, L�nge 180 cm, Breite 53 cm.",Eisen.
195890,LM-77691.1-4,Wagen und Schlitten,Motorrad,"'Motosacoche' Serienprodukt, 1941 auf Elektrobetrieb umger�stet. Herstellung: Hersteller Motosacoche S.A., Genf; Motosacoche S.A., Genf. Um 1940. Herkunft: Heinz Meyer-Joray (1904 - 1985), Basel; Heinz Meyer-Joray (1904 - 1985), Basel. Eisen. ",1940,"Hersteller Motosacoche S.A., Genf; Motosacoche S.A., Genf",Besitzer   ,,,Eisen.
303972,LM-78728,Wagen und Schlitten,Schlitten,"Niedriger Rennschlitten mit schmalen Kufen mit T-Profil. Herstellung: Philadelphia. Um 1935. 15,5 x 129 x 53 cm. Stahl. Eschenholz. ",1935,Philadelphia. ,,,"H�he 15.5 cm, L�nge 129 cm, Breite 53 cm.",Stahl. Eschenholz.
324051,LM-80610,Wagen und Schlitten,H�rnerschlitten,"2 lange, gebogene Kufen, verst�rkt, mit angesetzten 'H�rnern', offene Ladefl�che. Inhalt: Weinbau. 1900 - 1950. Herkunft: Veytaux. 93 x 215 x 83 cm. Holz. Eisen. ",1900 - 1950  ,,  ,Weinbau. ,"H�he 93 cm, L�nge 215 cm, Breite 83 cm.",Holz. Eisen.
324078,LM-80614,Wagen und Schlitten,Rodelschlitten,"Davoserschlitten. Holzkufen mit Eisenbeschlag. Querstange mit Seil. 1900 - 1950. Herkunft: Veytaux. 46,5 x 74 x 47 cm. Holz. Eisen. ",1900 - 1950  ,,  ,,"H�he 46.5 cm, L�nge 74 cm, Breite 47 cm.",Holz. Eisen.
335740,LM-82351,Wagen und Schlitten,Parkuhr,"Parkuhr der Marke Venner. Herstellung: Taxomex (ehem. Venner) (von 1961). Um 1961 - 1974. 134 x 20 x 10,5 cm. Metall, gegossen. ",1961 - 1974  ,Taxomex (ehem. Venner) (von 1961). ,,,"H�he 134 cm, Breite 20 cm, Tiefe 10.5 cm.","Metall, gegossen. "
377535,LM-83272.1-9,Wagen und Schlitten,Leichenwagen,"aus Thalheim a/Thur, f�r ein oder zwei Pferde, mit Sargbarren und Pferdezubeh�r. Inhalt: Tod und Sterben. 1900 - 1967. Herkunft: Thalheim an der Thur. 205 x 300 x 170 cm. Holz, bemalt. Eisen, geschmiedet. Blech, bemalt. Sitzteil: Leder. ",1900 - 1967,,  ,Tod und Sterben. ,"H�he 205 cm, L�nge 300 cm, Breite 170 cm.","Holz, bemalt. Eisen, geschmiedet. Blech, bemalt. Sitzteil: Leder. "
381558,LM-83283.1-2,Wagen und Schlitten,Sanit�ts-Fourgon,"Sanit�ts-Fourgon B, 4-r�drig, mit Bocksitz, Blachenbogen und Blache. Inhalt: Sanit�t. Herstellung: Eidg. Konstruktionswerkst�tte, Thun. Datiert nach Marke 1915. Herkunft: Eidg. Zeughaus, Rapperswil; Sarnen (OW), Zeughaus. 213 x 349 x 164 cm. Holz. Eisen, geschmiedet, gewalzt. 

Literatur:
- Eidg. Konstruktions-Werkst�tte, Thun: Verzeichnis �ber die Photographien der Div. Fuhrwerke, Bd. 2, Thun: o. J., Abb. 126, 'Sanit�tsfourgon A&B, K+W 1153/1154' [Thun, Bibliothek SAM, ex. Besitz Eidg. Kriegsmaterialverwaltung, Direktion Zeughausbetriebe].
- Kriegsmaterialverwaltung, Direktion der Zeughausbetriebe, Sektion Korps- und Reservematerial: Masskizzen div. Fuhrwerke (Schweiz.  Armeemuseum, AM 7228, 833-2004, Pos. 33.5), Blatt 106021. ",1915,"Eidg. Konstruktionswerkst�tte, Thun. ",    ,Sanit�t. ,"H�he 213 cm, L�nge 349 cm, Breite 164 cm.","Holz. Eisen, geschmiedet, gewalzt."
369101,LM-83284,Wagen und Schlitten,Gebirgsfourgon,"Gebirgsfourgon, Eidg. Ord. 1912, 4-r�drig, ungefedert, mit Bocksitz. Inhalt: Gebirgsinfanterie. Herstellung: Eidg. Konstruktionswerkst�tte, Thun. Datiert nach Marke 1939. Herkunft: Eidg. Zeughaus, Rapperswil. 155 x 297 x 132 cm. Holz. Eisen, geschmiedet, gewalzt. Eisenblech. 

Literatur:
- Hildebrand, Carl: Zeughaus-Chronik Thun 1857-1982, Liebefeld / Bern: Lang Druck, 1982, S. 197/198.
- Eidg. Konstruktions-Werkst�tte, Thun [Thun, Bibliothek SAM, ex. Besitz: Eidg. Kriegsmaterialverwaltung, Direktion Zeughausbetriebe]: Verzeichnis �ber die Photographien von Geniematerial, Bd. 1, Thun o.J., Abb. 405/406. 
- Eidg. Konstruktions-Werkst�tte, Thun [Thun, Bibliothek SAM, ex. Besitz: Eidg. Kriegsmaterialverwaltung, Direktion Zeughausbetriebe]: Verzeichnis �ber die Photographien der Div. Fuhrwerke (Fourgon), Bd. 2, Thun o.J. Abb. 150/151 (151: 2 Aufnahmen).
- Eidg. Konstruktions-Werkst�tte, Thun [Thun, Bibliothek SAM, ex. Besitz: Eidg. Kriegsmaterialverwaltung, Direktion Zeughausbetriebe]: Verzeichnis �ber die Photographien der Fuhrwerke (Geb.Fourgon & Packungen), Bd. 5, Thun o.J., Abb. 1305/1311.
- Kriegsmaterialverwaltung, Direktion der Zeughausbetriebe, Sektion Korps- und Reservematerial: Masskizzen div. Fuhrwerke (Schweiz.  Armeemuseum, AM 7228, 833-2004, Pos. 33.5), Blatt 106002. ",1939,"Eidg. Konstruktionswerkst�tte, Thun. ",  ,Gebirgsinfanterie. ,"H�he 155 cm, L�nge 297 cm, Breite 132 cm.
Rad: Durchmesser 65 cm (vorne).
Rad: Durchmesser 79 cm (hinten).","Holz. Eisen, geschmiedet, gewalzt. Eisenblech."
381559,LM-83285.1-2,Wagen und Schlitten,Kabelwagen,"Kabelwagen, Eidg. Ord. 1912, 4-r�drig, mit Bocksitz und Blachenverdeck. Inhalt: �bermittlungstruppen. Herstellung: Eidg. Konstruktionswerkst�tte, Thun (Fahrzeug). Datiert nach Marke 1914. Herkunft: Eidg. Zeughaus, Rapperswil. 225 x 380 x 163 cm. Holz. Eisen, geschmiedet, gewalzt. Eisenblech. 

Literatur:
- Eidg. Konstruktions-Werkst�tte, Thun: Verzeichnis �ber die Photographien der Div. Fuhrwerke, Bd. 2, Thun: o. J., Abb. 136 'Kabelwagen 1912, K+W 1259/1260' [Thun, Bibliothek SAM, ex. Besitz Eidg. Kriegsmaterialverwaltung, Direktion Zeughausbetriebe].
- Hildebrand, Carl: Zeughaus-Chronik Thun 1857-1982, Liebefeld / Bern: Lang Druck, 1982, Abb. S. 95.
- Kriegsmaterialverwaltung, Direktion der Zeughausbetriebe, Sektion Korps- und Reservematerial: Masskizzen div. Fuhrwerke (Schweiz.  Armeemuseum, AM 7228, 833-2004, Pos. 33.5), Blatt 106035.
. ",1914,"Eidg. Konstruktionswerkst�tte, Thun (Fahrzeug). ",  ,�bermittlungstruppen. ,"Fahrzeug: H�he 225 cm, L�nge 380 cm, Breite 163 cm.
Deichsel: L�nge 324 cm.","Holz. Eisen, geschmiedet, gewalzt. Eisenblech."
381563,LM-83286.1-3,Wagen und Schlitten,R�stwagen,"Pontonier-R�stwagen, Eidg. Ord. 1878, 4-r�drig, mit Boot (fehlt), ohne Bocksitz. Inhalt: Pontoniere. Herstellung: Eidg. Konstruktionswerkst�tte. Datiert nach Marke 1925. Herkunft: Eidg. Zeughaus, Rapperswil. 150 x 460 x 171 cm. Holz. Eisen, gewalzt, geschmiedet. Eisenblech. 

Literatur:
- Eidg. Konstruktions-Werkst�tte, Thun: Verzeichnis �ber die Photographien von Geniematerial, Bd. 1, Thun: o. J., Abb. 445, 'Pont.R�stwagen mit Mittelst�ck (zu Boot, mit alten Holznabenr�der und alter Bremsanordnung) 'K+W 1291', Abb. 446, 'Pont.R�stwagen mit Schnabellst�ck (Bugteil zu Boot, mit alten Holznabenr�der und alter Bremsanordnung) 'K+W 1292'v. Brtr. K+W 1120/1121', Abb. 447, 'Pont.R�stwagen (mit Mittelst�ck zu Boot) 'K+W 1293', Abb. 448, 'R�stwagen m. Ponto (zu Boot) 'K+W 1123', Abb. 462, 'Pont.R�stwagen 'K+W 1120', Abb. 445, 'Pont.R�stwagen Div.Brtr. 'K+W 1121', [Thun, Bibliothek SAM, ex. Besitz Eidg. Kriegsmaterialverwaltung, Direktion Zeughausbetriebe].
- Kriegsmaterialverwaltung, Direktion der Zeughausbetriebe, Sektion Korps- und Reservematerial: Masskizzen div. Fuhrwerke (Schweiz.  Armeemuseum, AM 7228, 833-2004, Pos. 33.5), Blatt 106052. ",1925,Eidg. Konstruktionswerkst�tte. ,  ,Pontoniere. ,"H�he 150 cm, L�nge 460 cm, Breite 171 cm.
Rad: Durchmesser 100 cm (vorne).
Rad: Durchmesser 130 cm (hinten).
Deichsel: L�nge 300 cm.","Holz. Eisen, gewalzt, geschmiedet. Eisenblech."
381564,LM-83287.1-3,Wagen und Schlitten,Caisson,"Eidg. Ord. 1903, zu 7,5 cm Feldartillerie, 2-teilig. Inhalt: Artillerie. Herstellung: Eidg. Konstruktionswerkst�tte. Datiert nach Marke 1905. 170 x 422 x 168 cm. Holz. Eisen, gewalzt, geschmiedet. Eisenblech, gepresst. 

Literatur:
- Eidg. Konstruktions-Werkst�tte, Thun: Verzeichnis �ber die Photographien der Gesch�tze & Art. Fuhrwerke, Bd. 3, Thun: o. J., Abb. 50 (?)/51, 'K+W 706/1298' [Thun, Bibliothek SAM, ex. Besitz Eidg. Kriegsmaterialverwaltung, Direktion Zeughausbetriebe].
- Kriegsmaterialverwaltung, Direktion der Zeughausbetriebe, Sektion Korps- und Reservematerial: Masskizzen div. Fuhrwerke (Schweiz. Armeemuseum, AM 7228, 833-2004, Pos. 33.5), Blatt 106040. ",1905,Eidg. Konstruktionswerkst�tte. ,,Artillerie. ,"Fahrzeug: H�he 170 cm, L�nge 422 cm, Breite 168 cm.
Vorderteil: H�he 158 cm, L�nge 183 cm, Breite 168 cm.
Rad: Durchmesser 130 cm (vorne).
Hinterteil: H�he 170 cm, L�nge 256 cm, Breite 168 cm.
Rad: Durchmesser 130 cm (hinten).
Deichsel: L�nge 300 cm.","Holz. Eisen, gewalzt, geschmiedet. Eisenblech, gepresst."
369108,LM-83288,Wagen und Schlitten,Rammenwagen,"Schweres Mod. 1925, 4-r�drig, mit Luftkammerbereifung, mit zerlegter Ramme. Inhalt: Genie-/Festungstruppen. Herstellung: Eidg. Konstruktionswerkst�tte, Thun. Datiert nach Marke 1926. Herkunft: Eidg. Zeughaus, Rapperswil. 159 x 886 x 163 cm (L. mit Rammenrute). Holz. Eisen, gewalzt, geschmiedet. Eisenblech, gepresst. Gummi. 

Literatur:
- Eidg. Konstruktions-Werkst�tte, Thun: Verzeichnis �ber die Photographien von Geniematerial, Bd. 1, Thun: o. J., Abb. 464 (2 Aufnahmen)'Schwerer Rammenwagen, K+W 1470/1471' (mit eisenbereiften Saverne-R�der, vor Umbau auf Luftkammerbereifung PALLAS) [Thun, Bibliothek SAM, ex. Besitz Eidg. Kriegsmaterialverwaltung, Direktion Zeughausbetriebe].
- Kriegsmaterialverwaltung, Direktion der Zeughausbetriebe, Sektion Korps- und Reservematerial: Masskizzen div. Fuhrwerke (Schweiz.  Armeemuseum, AM 7228, 833-2004, Pos. 33.5), Blatt 106058. ",1926,"Eidg. Konstruktionswerkst�tte, Thun. ",  ,Genie-/Festungstruppen. ,"H�he 159 cm, L�nge 886 cm, Breite 163 cm (L. mit Rammenrute).
Rad: Durchmesser 104 cm (vorne und hinten).","Holz. Eisen, gewalzt, geschmiedet. Eisenblech, gepresst. Gummi."
381566,LM-83289.1-3,Wagen und Schlitten,Fernschreiberwagen (ex. Feldpostb�ro),"Eidg. Ord. 1900, geschlossen, 4-r�drig, mit Bocksitz. Inhalt: �bermittlungstruppen. Herstellung: Eidg. Konstruktionswerkst�tte, Thun. Datiert nach Marke 1908. Herkunft: Eidg. Zeughaus, Rapperswil. 265 x 368 x 173 cm. Holz. Sperrholz. Eisen, gewalzt, geschmiedet. Eisenblech. 

Literatur:
Eidg. Konstruktions-Werkst�tte, Thun: Verzeichnis �ber die Photographien von Geniematerial, Band 1, Thun: o. J., Abb. 101/102 'Feldpostbureauwagen 1900 K+W 15/16' [Thun, Bibliothek SAM, ex. Besitz Eidg. Kriegsmaterialverwaltung, Direktion Zeughausbetriebe]. ",1908,"Eidg. Konstruktionswerkst�tte, Thun. ",  ,�bermittlungstruppen. ,"H�he 265 cm, L�nge 368 cm, Breite 173 cm.
Rad: Durchmesser 89 cm (vorne).
Rad: Durchmesser 103 cm (hinten).
Deichsel: L�nge 323 cm.","Holz. Sperrholz. Eisen, gewalzt, geschmiedet. Eisenblech."
381567,LM-83290.1-3,Wagen und Schlitten,Werkzeugwagen,"Mineurwagen, 4-r�drig, mit Vollgummibereifung, mit Bocksitz und offener Br�cke. Inhalt: Mineure. Herstellung: Eidg. Konstruktionswerkst�tte, Thun. Datiert nach Marke 1922. Herkunft: Eidg. Zeughaus, Rapperswil. 212 x 307 x 146 cm. Holz. Eisen, gewalzt, geschmiedet. Eisenblech. 

Literatur:
- Eidg. Konstruktions-Werkst�tte, Thun [Thun, Bibliothek SAM, ex. Besitz: Eidg. Kriegsmaterialverwaltung, Direktion Zeughausbetriebe]: Verzeichnis �ber die Photographien der Div. Fuhrwerke (Fourgon), Bd. 2, Thun o.J. Abb. 133, 'K+W 852' (Ansicht vor Umbau auf Vollgummibereifung).
- Eidg. Konstruktions-Werkst�tte, Thun [Thun, Bibliothek SAM, ex. Besitz: Eidg. Kriegsmaterialverwaltung, Direktion Zeughausbetriebe]: Verzeichnis �ber die Photographien der Fuhrwerke (Geb.Fourgon & Packungen), Bd. 5, Thun o.J., Abb. 245, 'K+W 1073' (Werksaufnahme ohne Anstrich, mit Vollgummibereifung).
- Kriegsmaterialverwaltung, Direktion der Zeughausbetriebe, Sektion Korps- und Reservematerial: Masskizzen div. Fuhrwerke (Schweiz.  Armeemuseum, AM 7228, 833-2004, Pos. 33.5), Blatt 106019. ",1922,"Eidg. Konstruktionswerkst�tte, Thun. ",  ,Mineure. ,"H�he 212 cm, L�nge 307 cm, Breite 146 cm.
Rad: Durchmesser 74 cm (vorne).
Rad: Durchmesser 90 cm (hinten).
Deichsel: L�nge 320 cm (Pferdezug).
Deichsel: L�nge 116 cm (Motorfahrzeugzug).","Holz. Eisen, gewalzt, geschmiedet. Eisenblech."
381568,LM-83291.1-2,Wagen und Schlitten,Schanzzeugwagen,"Schanzzeugwagen, Eidg. Ord. 1889, 4-r�drig, geschlossen, ohne Bocksitz. Inhalt: Sappeure. Herstellung: Eidg. Konstruktionswerkst�tte, Thun. Datiert nach Marke 1891. Herkunft: Eidg. Zeughaus, Rapperswil. 212 x 452 x 162 cm. Holz. Eisen, geschmiedet, gewalzt. 

Literatur:
Ausgabe / Voitures et Mat�riel des Troupes de G�nie suisse - Edition officielle, Bern: EMD, 1896, Tafel 90 'Werkzeugwagen der Genie-Halbbatillone. Ordonnnanz 1889. Genie - Chariot d'outiles de demi-bataillon du G�nie. Ordonnancer 1889.'. ",1891,"Eidg. Konstruktionswerkst�tte, Thun. ",  ,Sappeure. ,"H�he 212 cm, L�nge 452 cm, Breite 162 cm.
Rad: Durchmesser 102 cm (vorne).
Rad: Durchmesser 132 cm (hinten).
Deichsel: L�nge 341 cm.","Holz. Eisen, geschmiedet, gewalzt."
381569,LM-83292.1-2,Wagen und Schlitten,Ger�tschaftswagen,"Mineur-R�stwagen, Eidg. Ord. 1880, 4-r�drig, geschlossen, ohne Bocksitz. Inhalt: Mineure. Herstellung: Eidg. Konstruktionswerkst�tte, Thun. Datiert nach Marke 1880. Herkunft: Eidg. Zeughaus, Rapperswil. 198 x 436 x 162 cm. Holz. Eisen, geschmiedet, gewalzt. 

Literatur:
EMD [Hrsg.]: Fuhrwerke und Material der schweizerischen Genietruppen - Offizielle Ausgabe / Voitures et Mat�riel des Troupes du G�nie suisse - Edition officielle, Bern: EMD, �hnlich Tafel 90 aber ohne Dachgalerie 'Werkzeugwagen der Genie-Halbbataillone. Ordonnanz 1889. Genie - Chariot d'outils de demi-bataillons du G�nie. Ordonnance de 1889. G�nie'. ",1880,"Eidg. Konstruktionswerkst�tte, Thun. ",  ,Mineure. ,"H�he 198 cm, L�nge 436 cm, Breite 162 cm.
Rad: Durchmesser 102 cm (vorne).
Rad: Durchmesser 132 cm (hinten).
Deichsel: L�nge 334 cm.","Holz. Eisen, geschmiedet, gewalzt."
381570,LM-83293.1-3,Wagen und Schlitten,Blessiertenwagen,"Eidg. Ord. 1918, 4-r�drig, mit festem Dach und geschlossenem Kastenvorderteil. Inhalt: Sanit�t. Herstellung: Eidg. Konstruktionswerkst�tte, Thun. Datiert nach Marke 1918. Herkunft: Eidg. Zeughaus, Rapperswil. 231 x 439 x 163 cm. Holz. Eisen, geschmiedet, gewalzt. Eisenblech. 

Literatur:
- Eidg. Konstruktions-Werkst�tte, Thun [Thun, Bibliothek SAM, ex. Besitz: Eidg. Kriegsmaterialverwaltung, Direktion Zeughausbetriebe]: Verzeichnis �ber die Photographien von Geniematerial, Bd. 1, Thun o.J., Abb. 121 'K+W 1254, Blessiertenwagen 1918'.
- Kriegsmaterialverwaltung, Direktion der Zeughausbetriebe, Sektion Korps- und Reservematerial: Masskizzen div. Fuhrwerke (Schweiz.  Armeemuseum, AM 7228, 833-2004, Pos. 33.5), Blatt 106046. ",1918,"Eidg. Konstruktionswerkst�tte, Thun. ",  ,Sanit�t. ,"H�he 231 cm, L�nge 439 cm, Breite 163 cm.
Rad: Durchmesser 88 cm (vorne).
Rad: Durchmesser 103 cm (hinten).
Deichsel: L�nge 324 cm.","Holz. Eisen, geschmiedet, gewalzt. Eisenblech."
375598,LM-83294,Wagen und Schlitten,Stations-/Telefonwagen,"Eidg. Ord. 1910/24, geschlossen, 4-r�drig, mit Bocksitz. Inhalt: �bermittlungstruppen. Herstellung: Z�rich. Datiert nach Marke 1913. Herkunft: Eidg. Zeughaus, Rapperswil. 246 x 339 x 168 cm. Holz. Sperrholz. Eisen, geschmiedet, gewalzt. Eisenblech. Glas. 

Literatur:
- Eidg. Konstruktions-Werkst�tte, Thun [Thun, Bibliothek SAM, ex. Besitz: Eidg. Kriegsmaterialverwaltung, Direktion Zeughausbetriebe]: Verzeichnis �ber die Photographien der Div. Fuhrwerke (Fourgon), Bd. 2, Thun o.J., Abb. 137 (3 Aufnahmen) 'Stationswagen 1910, K+W 1261/1262/1263 (Innenaufnahme mit Telefon/Telegrafen-Ausr�stung)', Abb. 141 (2 Aufnahmen) 'Stationswagen 1910 f. Fk., K+W 1275/1276 ('Innenaufnahme mit Funk-Ausr�stung)'.
- Kriegsmaterialverwaltung, Direktion der Zeughausbetriebe, Sektion Korps- und Reservematerial: Masskizzen div. Fuhrwerke (Schweiz. Armeemuseum, AM 7228, 833-2004, Pos. 33.5), Blatt 106026. ",1913,Z�rich. ,  ,�bermittlungstruppen. ,"H�he 246 cm, L�nge 339 cm, Breite 168 cm.
Rad: Durchmesser 88 cm (vorne).
Rad: Durchmesser 103 cm (hinten).
Deichsel: L�nge 325 cm.","Holz. Sperrholz. Eisen, geschmiedet, gewalzt. Eisenblech. Glas."
381573,LM-83295.1-2,Wagen und Schlitten,Schanzzeugwagen,"4-r�drig, ohne Bocksitz, mit Dachgalerie und Halterungen f�r Pickelhauen. Inhalt: Infanterie. Eidg. Ord. 1881. Herkunft: Eidg. Zeughaus, Rapperswil. 221 x 400 x 160 cm. Holz. Eisen, geschmiedet, gewalzt. Eisenblech. 

Literatur:
MD [Hrsg.]: Fuhrwerke und Material der schweizerischen Genietruppen - Offizielle Ausgabe / Voitures et Mat�riel des Troupes du G�nie suisse - Edition officielle, Bern: EMD, 1896, Tafel 89 'Werkzeugwagen der Landwehr-Sappeur-Kompagnien. Ordonanz 1881. Genie - Chariot d'outils des compagnies de sapeur de Landwehr. Ordonnance 1881. G�nie'. ",1881,,  ,Infanterie. ,"H�he 221 cm, L�nge 400 cm, Breite 160 cm.
Rad: Durchmesser 102 cm (vorne).
Rad: Durchmesser 133 cm (hinten).
Deichsel: L�nge 341 cm.","Holz. Eisen, geschmiedet, gewalzt. Eisenblech."
381577,LM-83296.1-3,Wagen und Schlitten,Ger�tschaftswagen,"4-r�drig, mit langer, offener Br�cke, ohne Bocksitz, mit Motorwagen-Zugdeichsel. Inhalt: Pontoniere. Herstellung: Eidg. Konstruktionswerkst�tte, Thun. Datiert nach Marke 1923. Herkunft: Eidg. Zeughaus, Rapperswil. 147 x 451 x 170 cm. Holz. Eisen, gewalzt, geschmiedet. Eisenblech. 

Literatur:
- Eidg. Konstruktions-Werkst�tte, Thun: Verzeichnis �ber die Photographien von Geniematerial, Bd. 1, Thun: o. J., Abb. 461 (2 Aufnahmen), 'Pont.Ger�tschaftswagen, A.Betr. K+W 1118/1119' [Thun, Bibliothek SAM, ex. Besitz Eidg. Kriegsmaterialverwaltung, Direktion Zeughausbetriebe].
- Kriegsmaterialverwaltung, Direktion der Zeughausbetriebe, Sektion Korps- und Reservematerial: Masskizzen div. Fuhrwerke (Schweiz.  Armeemuseum, AM 7228, 833-2004, Pos. 33.5), Blatt 106053. ",1923,"Eidg. Konstruktionswerkst�tte, Thun. ",  ,Pontoniere. ,"H�he 147 cm, L�nge 451 cm, Breite 170 cm.
Rad: Durchmesser 101 cm (vorne).
Rad: Durchmesser 131 cm (hinten).
Deichsel: L�nge 300 cm (Pferdezug).
Deichsel: L�nge 116 cm (Motorfahrzeugzug).","Holz. Eisen, gewalzt, geschmiedet. Eisenblech."
381579,LM-83297.1-2,Wagen und Schlitten,Schanzzeugwagen,"Eidg. Ord. 1910, 4-r�drig, hochbordiger, offener Kasten, ohne Bocksitz. Eidg. Ord. 1910. 

Literatur:
Kriegsmaterialverwaltung, Direktion der Zeughausbetriebe, Sektion Korps- und Reservematerial: Masskizzen div. Fuhrwerke (Schweiz.  Armeemuseum, AM 7228, 833-2004, Pos. 33.5), Blatt 106041. ",1910,,,,,
381580,LM-83298.1-2,Wagen und Schlitten,Fourgon,"Eidg. Ord. 1912, Vorrats-Wagen zu 12 cm Haub.-Batt., offene Br�cke und Bocksitz. Inhalt: Artillerie. Herstellung: Eidg. Konstruktionswerkst�tte, Thun. Datiert nach Marke 1914. Herkunft: Eidg. Zeughaus, Rapperswil. 250 x 381 x 163 cm. Holz. Eisen, gewalzt, geschmiedet. Eisenblech. 

Literatur:
- Eidg. Konstruktions-Werkst�tte, Thun: Verzeichnis �ber die Photographien der Gesch�tze & Art. Fuhrwerke, Bd. 3, Thun: o. J., Abb. 60, 'K+W 1220' [Thun, Bibliothek SAM, ex. Besitz Eidg. Kriegsmaterialverwaltung, Direktion Zeughausbetriebe].
- Kriegsmaterialverwaltung, Direktion der Zeughausbetriebe, Sektion Korps- und Reservematerial: Masskizzen div. Fuhrwerke (Schweiz. Armeemuseum, AM 7228, 833-2004, Pos. 33.5), Blatt 106033. ",1914,"Eidg. Konstruktionswerkst�tte, Thun. ",  ,Artillerie. ,"H�he 250 cm, L�nge 381 cm, Breite 163 cm.
Rad: Durchmesser 88 cm.
Rad:  (hinten).Deichsel: L�nge 300 cm.","Holz. Eisen, gewalzt, geschmiedet. Eisenblech."
375607,LM-83299,Wagen und Schlitten,Protze,"Protze zu 15 cm Haubitze mit umfangreicher Ausr�stung. Inhalt: Artillerie. Herstellung: Eidg. Konstruktionswerkst�tte, Thun. Eidg. Ord. 1916. Herkunft: Eidg. Zeughaus, Rapperswil. 173 x 227 x 193 cm. Holz. Stahl, gewalzt, geschmiedet. Stahlblech, gepresst. ",1916,"Eidg. Konstruktionswerkst�tte, Thun. ",  ,Artillerie. ,"H�he 173 cm, L�nge 227 cm, Breite 193 cm.
Rad: Durchmesser 123 cm.","Holz. Stahl, gewalzt, geschmiedet. Stahlblech, gepresst."
375608,LM-83300,Wagen und Schlitten,Rammenwagen,"Maschinenwagen, 4-r�drig, mit abprotzbarem 1-Zylinder-Dieselmotor und Seilwinde. Inhalt: Pontoniere. Herstellung: Eidg. Konstruktionswerkst�tte, Thun. Datiert nach Marke 1939. Herkunft: Eidg. Zeughaus, Rapperswil. 230 x 518 x 182 cm. Holz. Eisen, gewalzt, geschmiedet. Eisenblech. Gusseisen. Stahlblech. Gummi. 

Literatur:
- Eidg. Konstruktions-Werkst�tte, Thun [Thun, Bibliothek SAM, ex. Besitz: Eidg. Kriegsmaterialverwaltung, Direktion Zeughausbetriebe]: Verzeichnis �ber die Photographien von Geniematerial, Bd. 1, Thun o.J., Abb. 402 (2 Aufnahmen) 'Rammger�tewagen (Hatzmot. mit Schlittenkufen) K+W 3220 bzw. K+W 6252 (mit dem heute vorhandenen Weber-Motor).
- Hildebrand, Carl: Zeughaus-Chronik Thun 1857-1982, Liebefeld / Bern: Lang Druck, 1982, Abb. S. 13.
- Kriegsmaterialverwaltung, Direktion der Zeughausbetriebe, Sektion Korps- und Reservematerial: Masskizzen div. Fuhrwerke (Schweiz. Armeemuseum, AM 7228, 833-2004, Pos. 33.5), Blatt 106056. ",1939,"Eidg. Konstruktionswerkst�tte, Thun. ",  ,Pontoniere. ,"H�he 230 cm, L�nge 518 cm, Breite 182 cm.
Rad: Durchmesser 93 cm (vorn und hinten).
Deichsel: L�nge 127 cm.","Holz. Eisen, gewalzt, geschmiedet. Eisenblech. Gusseisen. Stahlblech. Gummi."
381581,LM-83301.1-3,Wagen und Schlitten,Caisson,"Eidg. Ord. 1894, 2-teilig, Protze mit Bocksitz und Hinterwagen. Inhalt: Infanterie. Herstellung: Eidg. Konstruktionswerkst�tte, Thun. Datiert nach Marke 1908. Herkunft: Eidg. Zeughaus, Rapperswil. 152 x 326 x 134 cm. Holz. Eisen, geschmiedet, gewalzt. Eisenblech. 

Literatur:
Fuhrwerke, Bd. 2, Thun: o. J., Abb. 104, 'Inf. Caisson  1904 (mit Bleistift 1894), K+W 1105' [Thun, Bibliothek SAM, ex. Besitz Eidg. Kriegsmaterialverwaltung, Direktion Zeughausbetriebe].
- EMD [Hrsg.]: Fuhrwerke der Schweizerischen Infanterie und Kavallerie - Offizielle Ausgabe / Voitures de l'Infanterie et de la Cavalerie suisse - Edition officielle, Bern: EMD, 1896, Tafeln 4/5 'Infanterie-Caisson. Ordonanz 1894. Infanterie. Cavalerie. / Caisson infanterie. Ordonnance de 1894'.
- Hildebrand, Carl, Zeughaus-Chronik Thun 1857-1982, Liebefeld/Bern, 1982, Abb. S. 147: 
'Fliegerabwehrschiessen mit MG Ord. 11'.
- Kriegsmaterialverwaltung, Direktion der Zeughausbetriebe, Sektion Korps- und Reservematerial: Masskizzen div. Fuhrwerke (Schweiz.  Armeemuseum, AM 7228, 833-2004, Pos. 33.5) Blatt 106008.
- Schweizerische Armee [Hrsg.]: Technisches Reglement Nr. 11 - Beladung der Saumtiere, Karren, Fuhrwerke und Motorlastwagen der Infanterie (Beladungs-Vorschriften), Provisorische Ausgabe, Bern, 1940, Bild 10/10a. ",1908,"Eidg. Konstruktionswerkst�tte, Thun. ",  ,Infanterie. ,"Fahrzeug: H�he 152 cm, L�nge 326 cm, Breite 134 cm.
Vorderteil: H�he 152 cm, L�nge 154 cm, Breite 134 cm.
Rad: Durchmesser 103 cm (vorne).
Hinterteil: H�he 141 cm, L�nge 185 cm, Breite 134 cm.
Rad: Durchmesser 103 cm (hinten).
Deichsel: L�nge 324 cm.","Holz. Eisen, geschmiedet, gewalzt. Eisenblech."
381582,LM-83302.1-3,Wagen und Schlitten,Schanzzeugwagen,"2-teilig, aus Protze mit Bocksitz und Hinterwagen. Inhalt: Sappeure. Herstellung: Eidg. Konstruktionswerkst�tte, Thun. Datiert nach Marke 1927. Herkunft: Eidg. Zeughaus, Rapperswil. 168 x 437 x 164 cm. Holz. Eisen, geschmiedet, gewalzt. Eisenblech. 

Literatur:
- Eidg. Konstruktions-Werkst�tte, Thun: Verzeichnis �ber die Photographien von Geniematerial, Bd. 1, Thun: o. J., Abb. 402/403, 'Sappeurwagen 1927 (mit Bleistiftkorrektur 1924, K+W 1632/1633' [Thun, Bibliothek SAM, ex. Besitz Eidg. Kriegsmaterialverwaltung, Direktion Zeughausbetriebe].
- Hildebrand, Carl: Zeughaus-Chronik Thun 1857-1982, Liebefeld / Bern: Lang Druck, 1982, Abb. S. 113.
- Kriegsmaterialverwaltung, Direktion der Zeughausbetriebe, Sektion Korps- und Reservematerial: Masskizzen div. Fuhrwerke (Schweiz. Armeemuseum, AM 7228, 833-2004, Pos. 33.5), Blatt 106045. ",1927,"Eidg. Konstruktionswerkst�tte, Thun. ",  ,Sappeure. ,"Fahrzeug: H�he 168 cm, L�nge 437 cm, Breite 164 cm.
Vorderteil: H�he 159 cm, L�nge 181 cm, Breite 164 cm.
Rad: Durchmesser 103 cm (vorn).
Hinterteil: H�he 168 cm, L�nge 263 cm, Breite 164 cm.
Deichsel: L�nge 324 cm.","Holz. Eisen, geschmiedet, gewalzt. Eisenblech."
378119,LM-83303,Wagen und Schlitten,Fahrk�che (Motorzug),"2-r�drig, Eidg. Ord. 1942, mit Luftbereifung und Kochherd Modell 1939. Inhalt: Verpflegungstruppen. Herstellung: Burgdorf. Datiert nach Marke 1944. Herkunft: Eidg. Zeughaus, Rapperswil. 235 x 374 x 213 cm. Stahlblech. Stahl, gewalzt. Stahlrohr. Gusseisen. Aluguss. Holz. Gummi. 

Literatur:
- Schneider, Hugo [Hrsg.]  /  Reinhart, Christian [Hrsg.]  /  am Rhyn, Michael [Hrsg.]  /  Sallaz, Kurt [Hrsg.]  /  Stutz, Walter: Bewaffnung und Ausr�stung der Schweizer Armee seit 1817 - Artillerie II: Rohr�cklaufgesch�tze der Artillerie und der schweren Fliegerabwehr, Bd. 9, Dietikon-Z�rich: Verlag Stocker-Schmied, 1977, Abb. 212.
- Schneider, Hugo Hrsg.]  /  Schild, Hermann: Bewaffnung und Ausr�stung der Schweizer Armee seit 1817 - leichte und mittlere Fliegerabwehr, Fliegerabwehr-Lenkwaffen, Bd. 12, Dietikon-Z�rich: Verlag Stocker-Schmied, 1982, Abb. 435. ",1944,Burgdorf. ,  ,Verpflegungstruppen. ,"H�he 235 cm, L�nge 374 cm, Breite 213 cm.
Rad: Durchmesser 86 cm.","Stahlblech. Stahl, gewalzt. Stahlrohr. Gusseisen. Aluguss. Holz. Gummi."
378120,LM-83304,Wagen und Schlitten,Gep�ckanh�nger,"4-r�drig, mit Luftbereifung, Drehschemellenkung und mechanischer Handbremse. Inhalt: Infanterie. Herstellung: Kriegstechnische Abteilung Bern, Bern. Datiert nach Marke 1951. Herkunft: Eidg. Zeughaus, Rapperswil. 165 x 605 x 188 cm (mit Deichsel). Stahl, gewalzt, geschmiedet. Eisen, geschmiedet. Eisenblech. Holz. Gummi. 

Literatur:
Hildebrand, Carl: Zeughaus-Chronik Thun 1857-1982, Liebefeld / Bern: Lang Druck, 1882. ",1951,"Kriegstechnische Abteilung Bern, Bern. ",  ,Infanterie. ,"Fahrzeug: H�he 165 cm, L�nge 605 cm, Breite 188 cm (mit Deichsel).
Fahrzeug: H�he 165 cm, L�nge 471 cm, Breite 188 cm (ohne Deichsel).
Rad: Durchmesser 81 cm (vorn/hinten).","Stahl, gewalzt, geschmiedet. Eisen, geschmiedet. Eisenblech. Holz. Gummi."
378121,LM-83305,Wagen und Schlitten,Gep�ckanh�nger,"4-r�drig, mit Luftbereifung, Achsschenkellenkung und mechanischer Auflaufbremse. Inhalt: Infanterie. Herstellung: Kriegstechnische Abteilung Bern. Datiert nach Marke 1956. Herkunft: Eidg. Zeughaus, Rapperswil. 169 x 621 x 188 cm (mit Deichsel). Stahl, gewalzt, geschmiedet. Stahlblech. Eisen, geschmiedet. Holz. Gummi. ",1956,Kriegstechnische Abteilung Bern. ,  ,Infanterie. ,"Fahrzeug: H�he 169 cm, L�nge 621 cm, Breite 188 cm (mit Deichsel).
Fahrzeug: H�he 169 cm, L�nge 474 cm, Breite 188 cm (ohne Deichsel).
Rad: Durchmesser 79 cm (vorn/hinten).","Stahl, gewalzt, geschmiedet. Stahlblech. Eisen, geschmiedet. Holz. Gummi."
378122,LM-83306,Wagen und Schlitten,Fahrprotze zu Gesch�tzen,"2-r�drig, Vorderachsgestell zu Flabkanone 43. Inhalt: Flieger/-abwehr. Eidg. Ord. 1943. Herkunft: Eidg. Zeughaus, Rapperswil. 55 x 318 x 110 cm (mit Gabel (Landen)). Holz. Eisen, geschmiedet, gewalzt. 

Literatur:
Schneider, Hugo [Hrsg.]  /  Reinhart, Christian [Hrsg.]  /  am Rhyn, Michael [Hrsg.]  /  Sallaz, Kurt [Hrsg.]  /  Schild, Hermann: Bewaffnung und Ausr�stung der Schweizer Armee seit 1817 - leichte und mittlere Fliegerabwehr, Fliegerabwehr-Lenkwaffen, Bd. 12, Dietikon-Z�rich: Verlag Stocker-Schmied, 1982, Abb. 40. ",1943,,  ,Flieger/-abwehr. ,"H�he 55 cm, L�nge 318 cm, Breite 110 cm (mit Gabel (Landen)).
Rad: Durchmesser 55 cm.","Holz. Eisen, geschmiedet, gewalzt."
381585,LM-83307.1-3,Wagen und Schlitten,Protze,"7,5 cm Feldkanone 03/23 Rohr 370/Lafette No. 181, mit Protze und Ausr�stung. Inhalt: Artillerie. Eidg. Ord. 1903. Herkunft: Eidg. Zeughaus, Rapperswil. 157 x 182 x 168 cm. Holz. Eisen, geschmiedet, gewalzt. Eisenblech. 

Literatur:
- Eidg. Konstruktions-Werkst�tte, Thun: Verzeichnis �ber die Photographien der Gesch�tze & Art. Fuhrwerke, Thun: o. J., Abb. 6, 'K+W 1297' [Thun, Bibliothek SAM, ex. Besitz Eidg. Kriegsmaterialverwaltung, Direktion Zeughausbetriebe].
- Schneider, Hugo [Hrsg.]  /  Reinhart, Christian [Hrsg.]  /  am Rhyn, Michael [Hrsg.]  /  Sallaz, Kurt [Hrsg.]  /  Stutz, Walter: Bewaffnung und Ausr�stung der Schweizer Armee seit 1817 - Artillerie II: Rohr�cklaufgesch�tze der Artillerie und der schweren Fliegerabwehr, Bd. 9, Dietikon-Z�rich: Verlag Stocker-Schmied, 1977, Abb. S. 26 Mitte. ",1903,,  ,Artillerie. ,"Vorderteil: H�he 157 cm, L�nge 182 cm, Breite 168 cm.
Rad: Durchmesser 130 cm.
Deichsel: L�nge 324 cm.","Holz. Eisen, geschmiedet, gewalzt. Eisenblech."
378240,LM-84172.1-4,Wagen und Schlitten,Personenwagen,"3-Rad-Rennwagen f�r eine Person, Solarmobil Oldtimer Nr. 64 der Tour de Sol. Herstellung: Wolfgang Scheich. 1984. 130 x 200 x 100 cm. ",1984,Wolfgang Scheich. ,,,"H�he 130 cm, L�nge 200 cm, Breite 100 cm.",
381588,LM-84503,Wagen und Schlitten,Ger�tschaftswagen,"2-r�driger leichter Anh�nger/Handwagen zu Tankb�chse 41. Inhalt: Infanterie. Eidg. Ord. 1941. Herkunft: Eidg. Zeughaus, Rapperswil. 70 x 201 x 91 cm. Holz. Stahlblech. Stahlrohr. Gummi. ",1941,,  ,Infanterie. ,"H�he 70 cm, L�nge 201 cm, Breite 91 cm.
Rad: Durchmesser 67 cm.",Holz. Stahlblech. Stahlrohr. Gummi.
396345,LM-94408,Wagen und Schlitten,Rodelschlitten,"Schlitten 'Gr�nland'. Mit beidseitiger Steuervorrichtung. Herstellung: Klosters. 1900 - 1950. 40,5 x 109 x 54 cm. Holz. Kufe: Eisen. ",1900 - 1950  ,Klosters. ,,,"H�he 40.5 cm, L�nge 109 cm, Breite 54 cm.",Holz. Kufe: Eisen.
304131,LM-94410,Wagen und Schlitten,Kinderschlitten,"Bemalt: auf rotem Grund schwarzes Flammenmotiv, Brennmarke PBJ. 1800 - 1900. Herkunft: Z�rich. Holz, bemalt. ",1800 - 1900  ,,  ,,,"Holz, bemalt."
304130,LM-94429,Wagen und Schlitten,Rodelschlitten,Rodelschlitten. Mit Eisenbeschl�gen. Rot/gelbe bzw. weiss-gr�ne Bemalung. 1800 - 1900. 24 x 62 x 34 cm. Holz. Eisen. ,1800 - 1900  ,,,,"H�he 24 cm, L�nge 62 cm, Breite 34 cm.",Holz. Eisen.
395362,LM-94431,Wagen und Schlitten,Grasschlitten,Schlitten f�r Ben�tzung auf Gras. Herstellung: Wallis (gem�ss Angaben v. Verk�ufer). Wohl 1950. 25 x 151 x 34 cm. Holz. ,1950,Wallis (gem�ss Angaben v. Verk�ufer). ,,,"H�he 25 cm, L�nge 151 cm, Breite 34 cm.",Holz.
405484,LM-99363.1-3,Wagen und Schlitten,Pferdeschlitten,"Einsp�nner-Schlitten, sog. Herrenschlitten aus R�eggisberg. Um 1880. 143 x 200 x 119 cm (Spur: 109 cm). 

Literatur:
A. Furger in ZAK, Band 66/2009, Heft 1, Seite 8. ",1880,,,,"H�he 143 cm, L�nge 200 cm, Breite 119 cm (Spur: 109 cm).
H�he 153 cm, L�nge 205 cm, Breite 121 cm ( mit Lampen).",
405485,LM-99364,Wagen und Schlitten,Schlitten,"Leichen(wagen)-Schlitten f�r einsp�nnigen Pferdezug. Um 1900. Herkunft: Hirzel. 182 x 298 x 100 cm. 

Literatur:
A. Furger in ZAK, Band 66/2009, Heft 1, Seite 39. ",1900,,  ,,"H�he 182 cm, L�nge 298 cm, Breite 100 cm.",
418504,LM-99895.1-3,Wagen und Schlitten,Getriebeteil,"Zahnr�der f�r Raketengetriebe. Herstellung: Maag-Zahnr�der AG (bis 2005). 1990 - 2000. Stahl, geschmiedet. ",1990 - 2000,Maag-Zahnr�der AG (bis 2005). ,,,,"Stahl, geschmiedet."
415918,LM-109555,Wagen und Schlitten,Kinderwagen,"Weiss bemalt. Lederbezogener Korb auf Gestell. Hinten 2 grosse, vorne 2 kleinere vollgummibereifte R�der. 1900 - 1910. 97 x 120 x 60 cm. Korb: Weiden, geflochten. Gestell: Eisen. ",1900 - 1910  ,,,,"H�he 97 cm, L�nge 120 cm, Breite 60 cm.","Korb: Weiden, geflochten. Gestell: Eisen."
421649,LM-114046,Wagen und Schlitten,Flugzeug,Modell eines Kampfflugzeuges: EurofighterTyphoon. Die Schweiz will neue Kampfflugzeuge beschaffen - der Eurofighter steht gegen den Gripen. Wird 2014 aber in einer Volksabstimmung. Dez. 2009. 20 x 34 x 23 cm. Holz. ,12.2009,,,,"H�he 20 cm, L�nge 34 cm, Breite 23 cm.",Holz.
423198,LM-115810,Wagen und Schlitten,Kinderwagen,"Hinten 2 grosse, vorne 2 kleinere nicht bereifte Eisenr�der. Mit aufklapbarem Verdeck in der Fahrtrichtung. 1900 - 1910. 91 x 128 x 66 cm (Verdeck unten). Korb: Weiden, geflochten. Gestell, R�der: Eisen. Bezug: Leinen. Verdeck: Leder. ",1900 - 1910  ,,,,"Verdeck unten: H�he 91 cm, L�nge 128 cm, Breite 66 cm.","Korb: Weiden, geflochten. Gestell, R�der: Eisen. Bezug: Leinen. Verdeck: Leder."
423530,LM-116018,Wagen und Schlitten,Elektrofahrrad,Elektrovelo 'Flyer' der Firma Biketec AG. 2000. 102 x 178 cm. Metall. ,2000,,,,"H�he 102 cm, L�nge 178 cm.",Metall.
423816,LM-116261.1-21,Wagen und Schlitten,Feuerspritze,Saug-Druck-Spritze mit diversem Zubeh�r der Gemeinde Mervelier. Herstellung: Burgdorf. Datiert nach Inschrift 1886. Herkunft: Mervelier. ,1886,Burgdorf. ,  ,,,
428382,LM-118729.1-3,Wagen und Schlitten,Schlitten,"Landauer-Schlitten f�r 4 Personen, mit aufklappbarem Verdeck, ein- un zweisp�nnig zu fahren. Datiert Okt. 1882. 165 x 300 x 155 cm. 750 g. Kasten: Ahornholz. Spriegel des Verdecks: Kirschbaumholz. Verdeck: Leder. ",10.1882,,,,"H�he 165 cm, L�nge 300 cm, Breite 155 cm, Gewicht 750 g.",Kasten: Ahornholz. Spriegel des Verdecks: Kirschbaumholz. Verdeck: Leder.
481250,LM-170069,Wagen und Schlitten,Kinderwagen,"Korb auf Gestell mit geschwungenen Federn und Griff. 4 gleichgrosse vollgummibereifte R�der. 1900 - 1910. 94 x 127 x 50 cm. Korb: Weiden, geflochten. Gestell: Eisen. Griff: Holz, gedrechselt. ",1900 - 1910  ,,,,"H�he 94 cm, L�nge 127 cm, Breite 50 cm.","Korb: Weiden, geflochten. Gestell: Eisen. Griff: Holz, gedrechselt."
481251,LM-170070,Wagen und Schlitten,Kinderwagen,"Weiss bemalt. Lederbezogener Korb auf Gestell. 4 gleichgrosse vollgummibereifte R�der. Mit zusammenklappbarem Verdeck umgekehrt zur Fahrtrichtung und Sitzbrett. 1900 - 1910. 90 x 126,5 x 59 cm (Verdeck zusammengeklappt). Korb: Weiden, geflochten. Gestell: Eisen. Verdeck: Leder. Griffstangen: Metall, verchromt. ",1900 - 1910  ,,,,"Verdeck zusammengeklappt: H�he 90 cm, L�nge 126.5 cm, Breite 59 cm.","Korb: Weiden, geflochten. Gestell: Eisen. Verdeck: Leder. Griffstangen: Metall, verchromt."
