OBJEKT ID,OBJEKT Inventarnummer,OBJEKT Sammlung,klassifikation,webtext,datierung,herstellung,herkunft,OBJEKT -> Inhalt,OBJEKT -> Masse,OBJEKT -> Material und Technik
379358,AG-10,Siegel,Siegelstempel (Kirche),"Siegelstempel (Kirche). Des Augustiner Chorherrenstifts Beerenberg ob Wülflingen, Kanton Zürich. Um 1370. Ø 5,4 cm. Petschaft: Messing. ",1370,,,,Durchmesser 5.4 cm.,Petschaft: Messing.
416534,AG-R1579,Numismatik,,"Römisches Kaiserreich. Probus. Antoninian. FO. Näfels /GL. Ø 2,31 cm 3,69 g (Stempelstg. 180°). ",,,,,"Durchmesser 2.31 cm, Gewicht 3.69 g (Stempelstg. 180°).",
416535,AG-R1580,Numismatik,Licinius (308-324),"Rom, Kaiserreich.  Licinius (308-324). Follis. London, 313-314. Herkunft: Näfels (GL), -. Ø 2,14 cm 3,1 g (St.stg.180°). Aes, geprägt. ",,,  ,,"Durchmesser 2.14 cm, Gewicht 3.1 g (St.stg.180°).","Aes, geprägt."
416536,AG-R1581,Numismatik,,"Römisches Kaiserreich. Constantinus. Arles. Follis, 332. FO. Näfels /GL. Ø 1,7 cm 2,07 g (Ststg. 180°). ",,,,,"Durchmesser 1.7 cm, Gewicht 2.07 g (Ststg. 180°).",
415790,AMI-G2499,Numismatik,,"Griechenland. Goldstater des Philipp II. von Makedonien (359-336 v. Chr.). Ø 1,87 cm 8,62 g. ",,,,,"Durchmesser 1.87 cm, Gewicht 8.62 g.",
418182,AMI-R2564,Numismatik,Münze,"Oströmisches Reich, Byzanz. Nomisma. Ø 2,426 cm 4,38 g. Gold. ",,,,,"Durchmesser 2.426 cm, Gewicht 4.38 g.",Gold.
380312,AZ-408,Numismatik,Stadt,"Zürich, Stadt. Taler 1730. Ø 4 cm. 27,2 g. 360°. Silber, geprägt. ",1730,,,,"Durchmesser 4 cm, Gewicht 27.2 g.",Silber.
416526,AZ-1737,Numismatik,Münze,"Glarus. Schilling Klippe o. J. 1,97 x 1,86 cm. 4,6 g. Silber. ",,,,,"Höhe 1.97 cm, Länge 1.86 cm, Gewicht 4.6 g.",Silber.
416528,AZ-1738,Numismatik,Münze,"Glarus. Schilling o. J. Ø 1,83 cm 0,78 g. Billon. ",,,,,"Durchmesser 1.83 cm, Gewicht 0.78 g.",Billon.
380486,AZ-1890,Numismatik,Freiburg i. Ue.,Freiburg i. Ue. Taler (2. Hälfte 16. Jh. ). ,1550 - 1600  ,,,,"Durchmesser 4.53 cm, Gewicht 31.74 g.",Silber.
380117,AZ-2255,Numismatik,"Basel, Stadt.","Stadt Basel. Doppeltaler o.J. Um 1710. Ø 5,15 cm 57 g. Silber. ",1710,,,,"Durchmesser 5.15 cm, Gewicht 57 g.",Silber.
380308,AZ-2612,Numismatik,,"Gotteshausbund von Chur. Taler um 1560/65. Ø 4,21 cm 28,45 g. Silber. ",,,,,"Durchmesser 4.21 cm, Gewicht 28.45 g.",Silber.
380267,AZ-5994,Numismatik,Stadt,"St. Gallen, Stadt. Taler 1564. Walzenprägung (Stampfer). Herstellung: Jakob Stampfer (1505 - 1579). 1564. Ø 4,17 cm 28,89 g. Silber, vergoldet. ",1564,Jakob Stampfer (1505 - 1579). ,,,"Durchmesser 4.17 cm, Gewicht 28.89 g.","Silber, vergoldet."
380310,BZ-780,Numismatik,Stadt,"Zürich, Stadt. Taler (vergoldet) o. J. Ø 4,14 cm. 19,3 g. 180°. Silber, geprägt. ",,Stempelschneider Jakob Stampfer (1505 - 1579). ,,,"Durchmesser 4.14 cm, Gewicht 29.3 g.","Silber, vergoldet."
417759,BZ-MED297,Numismatik,Medaille,"Zürich. auf die Erbauung des neuen Rathauses 1698, ' Rathaustaler'. Ø 4,19 cm 27,5 g. ",,,,,"Durchmesser 4.19 cm, Gewicht 27.5 g.",
187163,DEP-400,Siegel,Siegelstempel (Petschaft),"Mit dem Wappen des Bastards Anton von Burgund. Beutestück. Inhalt: Burgunderkriege 1476/77. 1400 - 1500. Herkunft: Anton von Burgund. Ø 5,1 cm. Silber, vergoldet. 
Depositum: Zentralbibliothek Zürich, Alte Drucke und Rara, Zähringerplatz 6, 8001, Zürich. ",1400 - 1500  ,,Besitzer ,Burgunderkriege 1476/77. ,Durchmesser 5.1 cm.,"Silber, vergoldet."
418594,EA-827,Numismatik,Medaille,"Hans Stockar (1490-1556), zum Andenken der Pilgerfahrten 1533. Ø 9,4 cm 236,2 g. Blei. ",,,,,"Durchmesser 9.4 cm, Gewicht 236.2 g.",Blei.
380344,EA-1240,Numismatik,Uri,"Uri. Pistole o. J. (um 1635). Mzst. Altdorf. Um 1635. Ø 2,61 cm 6,52 g. Gold, geprägt. ",1635,,,,"Durchmesser 2.61 cm, Gewicht 6.52 g.","Gold, geprägt."
129135,LM-2330,Siegel,Siegelstempel (Petschaft),"Ovale Platte mit eisernem Griff. Inhalt: Klosterwappen St. Katharinental. 1700 - 1800. 2,4 x 2 cm. Platte: Silber. ",1700 - 1800  ,,,Klosterwappen St. Katharinental. ,"Platte: Höhe 2.4 cm, Breite 2 cm.",Platte: Silber.
379359,LM-3405.289,Siegel,Urkunde (persönlich),"Mit Siegel des Grafen Rudolf von Habsburg. 1243. Herkunft: Seedorf UR (UR), Kloster. Pergament. ",1243,,  ,,,Pergament.
328280,LM-4435,Numismatik,Orden,"Medaille von Maria Theresia in prunkvoller Diamantfassung. Um 1790. 9 x 5,3 cm. Gold. ",1790,,,,"Höhe 9 cm, Breite 5.3 cm.",Gold.
129137,LM-5459,Siegel,Siegelstempel (Petschaft),"Siegelstempel aus dem Kloster Wettingen mit Inschrift: S. Oeconomiae Wettingen. Herstellung: Hersteller Kloster Wettingen `Maria Meerstern`. 1700 - 1800. 2,7 x 2,5 cm. Platte: Messing. ",1700 - 1800  ,Hersteller Kloster Wettingen `Maria Meerstern`. ,,,"Platte: Höhe 2.7 cm, Breite 2.5 cm.",Platte: Messing.
99696,LM-6985,Siegel,Wappenbrief,"Mit offen angehängtem Siegel des Albrecht von Bonstetten, Dekan zu Einsiedeln. Inhalt: Personenwappen Heinrich, Hans und Jakob Wirz. Datiert 11. Dez. 1492. Pergament. ",11.12.92,,,"Personenwappen Heinrich, Hans und Jakob Wirz. ",,Pergament.
129142,LM-7787,Siegel,Siegelstempel (Petschaft),"`Les Peruquiers de Zurich` samt Holzbüchse. 1700 - 1750. Ø 4,2 cm. Platte: Messing. ",1700 - 1750  ,,,,"Platte: Durchmesser 4.2 cm.
Griff: Länge 10 cm.",Platte: Messing.
121221,LM-29369,Siegel,Siegelstempel (Stadt),"Runde Stempelfläche der Gemeinde Walenstadt, Inschrift (gotische Minuskel). Inhalt: Orts- und Körperschaftswappen Walenstadt. Vor 1461. Ø 4,25 cm. Platte: Silber. 

Literatur:
Literatur: Kdm. St. Gallen, Sargans, S.380/81, Abb. 386
Mitt. A.G.Z. XIII. Tf. 1.14
Zempf, Schweiz. Bilderchroniken und ihre Architekturdarstellungen, 1897, S. 198. ",1461,,,Orts- und Körperschaftswappen Walenstadt. ,"Platte: Tiefe 1.3 cm, Durchmesser 4.25 cm.",Platte: Silber.
192152,LM-29606,Siegel,Siegelstempel (Staat),"Inschrift: 'HELVETISCHE REPUBLIK / GESETZGEBENDER RATH'. Inhalt: Helvetik 1798-1803. Um 1800. Ø 4,1 cm. Stahl. 

Literatur:
Wappen, Siegel und Verfassung Eidg. 1948, S. 26, Abb. 7. ",1800,,,Helvetik 1798-1803. ,Durchmesser 4.1 cm.,Stahl.
192154,LM-29608,Siegel,Siegelabdruck,"Inschrift: 'HELVETISCHE REPUBLIK / VOLLZIEHUNGS + RATH -'. Inhalt: Helvetik 1798-1803. Herstellung: ; Johann Friedrich Huber. 1798. Ø 4,3 cm. ",1798,; Johann Friedrich Huber,,Helvetik 1798-1803. ,Durchmesser 4.3 cm.,
121214,LM-29610,Siegel,Siegelabdruck,"HELVETISCHE REPUBLIK / SENAT. Inhalt: Helvetik 1798-1803. Staatswappen. Um 1801. Ø 4,2 cm. 

Literatur:
Literatur: Wappen, Siegel und Verfassung Eidg. 1948, S. 26, Abb. 8.
. ",1801,,,Helvetik 1798-1803. Staatswappen. ,Durchmesser 4.2 cm.,
192159,LM-29612,Siegel,Siegelstempel (Staat),"Tell mit Knabe. Legende: `HELVETISCHE REPUBLIK / KLEINER RATH`. Inhalt: Helvetik 1798-1803. Herstellung:. Um 1801. Ø 4,8 cm. 

Literatur:
Wappen, Siegel und Verfassung Eidg. 1948, S. 27, Abb. 12. ",1801,,,Helvetik 1798-1803. ,Durchmesser 4.8 cm.,
121224,LM-29631,Siegel,Siegelabdruck,"HELVETISCHE REPUBLIK / MINIST:D:KUNSTE U:WISSENSCH:. Inhalt: Staatswappen. Helvetik 1798-1803. 1798 - 1803. 3,3 x 3,1 cm. Messing. ",1798 - 1803,,,Staatswappen. Helvetik 1798-1803. ,"Länge 3.3 cm, Breite 3.1 cm.",Messing.
121226,LM-29633,Siegel,Siegelabdruck,"Unbenutzter Prägestempel des Ministeriums der Finanzen, HELVET REPUBL. Inhalt: Staatswappen. Helvetik 1798-1803. Wohl 1802. 2,3 x 2,8 cm. Stahl. ",1802,,,Staatswappen. Helvetik 1798-1803. ,"Platte: Länge 2.3 cm, Breite 2.8 cm.
Höhe 6.6 cm (Prägestock).",Stahl.
121227,LM-29634,Siegel,Siegelstempel (Staat),"Unbenutzter Prägestempel, Legende: REPUBL : HELVET. Inhalt: Staatswappen. Helvetik 1798-1803. Wohl 1802. 4 x 3,4 cm. Stahl. ",1802,,,Staatswappen. Helvetik 1798-1803. ,"Platte: Länge 4 cm, Breite 3.4 cm.
Höhe 3.4 cm (Prägestock).",Stahl.
129224,LM-30646,Siegel,Siegelstempel (Petschaft),"Aarau. Zunft der Metzgeren. Stempel der Metzgermeister. Stempelfläche mit einem von 2 Schafböcken gehaltenen Schild. Um 1650. Inhalt: Zunft Aarau. Um 1650. Ø 3,7 cm. Stempel: Silber. Griff: Holz, gedrechselt. ",1650,,,Zunft Aarau. ,"Platte: Tiefe 0.5 cm, Durchmesser 3.7 cm.
Griff: Länge 8.5 cm.","Stempel: Silber. Griff: Holz, gedrechselt."
4106,LM-66552,Siegel,Siegelstempel (Petschaft),"Auf hochovaler Stempelplatte graviert: Merkur auf Gemäuer gestützt. 1800 - 1810. Herkunft: Oskar C.M. Wyss-Frick (Sammlung) (1874 - 1956), Zürich. 5,6 cm. Griff: Eisen. ",1800 - 1810  ,,Sammler ,,Objekt: Höhe 5.6 cm.,Griff: Eisen.
129488,LM-74637,Siegel,Siegelabdrucksammlung,"Sammlung von 101 Siegeln in flacher Schachtel, mit Marmorpapier überzogen. Um 1800 - 1840. Herkunft: Ambrosius Bloch (1768 - 1838); Salomon Bleuler (1778 - 1832). 37,4 x 48,3 cm. ",1800 - 1840  ,,     (Siegel),,"Höhe 37.4 cm, Breite 48.3 cm.",
380643,LM-89301,Numismatik,"Medaille, Krisen und Katastrophen","Andenken an die grosse Teuerung, Ansicht von Zürich. Juni 1817 -  1819. 21,9 x 20,1 cm. ",6.1817 - 1819,,,,"Gesamtobjekt: Höhe 21.9 cm, Breite 20.1 cm.
Medaille: Durchmesser 7.8 cm.",
416533,LM-A525,Numismatik,Münze,"Keltische Münze. Deutschland. Regenbogenschüsselchen, Stater. FO: Mitlödi / GL. 7,784 g. Gold. ",,,,,Gewicht 7.784 g.,Gold.
380266,LM-AB739,Numismatik,Uri - Schwyz - Nidwalden,"Uri, Schwyz und Unterwalden. Taler 1550. Mzst. Altdorf. 1550. Ø 4,147 cm 28,74 g. Silber, geprägt. ",1550,,,,"Durchmesser 4.147 cm, Gewicht 28.74 g.","Silber, geprägt."
380485,LM-AB1068,Numismatik,Solothurn,"Solothurn. Guldiner (Taler) 1501. 1501. Ø 4,4 cm 29,49 g. Silber, geprägt. ",1501,,,,"Durchmesser 4.4 cm, Gewicht 29.49 g.","Silber, geprägt."
417101,LM-AB2775,Numismatik,Medaille,"Bern. Dankesmedaille der Société géologique de France. 1838. Ø 6,84 cm 125,04 g. Bronze. ",1838,,,,"Durchmesser 6.84 cm, Gewicht 125.04 g.",Bronze.
403718,LM-GU111,Numismatik,Stadt,"Zürich, Stadt. Plappart o. J. (um 1419). Ø 2,577 cm. 2,25 g. Silber, geprägt. ",1419,,,,"Durchmesser 2.577 cm, Gewicht 2.25 g.",Silber.
380343,LM-GU310,Numismatik,Stadt,"Zürich, Stadt. Taler 1512. Ø 4,386 cm. 29,77 g. 360°. Silber, geprägt. ",1512,,,,"Durchmesser 4.38 cm, Gewicht 29.77 g.",Silber.
416529,LM-GU1010,Numismatik,Münze,"Glarus. Schilling o. J. (17. Jh.). Ø 1,983 cm 1,1 g. Billon. ",,,,,"Durchmesser 1.983 cm, Gewicht 1.1 g.",Billon.
416527,LM-GU1011,Numismatik,Münze,"Glarus. Schilling 1617. Ø 1,988 cm 0,92 g. Billon. ",,,,,"Durchmesser 1.988 cm, Gewicht 0.92 g.",Billon.
380309,LM-GU1435,Numismatik,Schaffhausen,"Stadt Schaffhausen. Guldentaler 1573. 1573. Ø 4,01 cm 24,52 g. Silber. ",1573,,,,"Durchmesser 4.01 cm, Gewicht 24.52 g.",Silber.
416565,LM-GU2214,Numismatik,Kaiserliche und herzögliche Prägungen,"Zürich, Kaiserliche und herzögliche Prägungen. Denar o. J. (nach 962). Ø 1,838 cm. 1,225 g. Silber, geprägt. ",962,,,,"Durchmesser 1.838 cm, Gewicht 1.225 g.","Silber, geprägt."
416566,LM-GU2217,Numismatik,Kaiserliche und herzögliche Prägungen,"Zürich, Kaiserliche und herzögliche Prägungen. Denar o. J. (nach 962). Ø 1,861 cm. 1,108 g. Silber, geprägt. ",962,,,,"Durchmesser 1.861 cm, Gewicht 1.108 g.","Silber, geprägt."
380295,LM-GU2602,Numismatik,"St. Gallen, Abtei","St. Gallen, Abtei.  Walter (1239-1244). Pfennig (Brakteat) o. J. (um 1240). Um 1240. Ø 2,206 cm 0,4 g. Silber, geprägt. ",1240,,,,"Durchmesser 2.206 cm, Gewicht 0.4 g.","Silber, geprägt."
415859,LM-GU2757,Numismatik,Historische Medaille,"Schweiz. Medaille 1602 auf die Bündnisserneuerung der Eidgenossen mit Henri IV. von Frankreich. Inhalt: Heinrich IV. von Frankreich. 1602. Ø 46,71 cm 39,04 g. Gold. ",1602,,,Heinrich IV. von Frankreich. ,"Durchmesser 46.71 cm, Gewicht 39.04 g.",Gold.
416573,LM-GU2762,Numismatik,Medaille,"Schweiz. Bern. Patenpfennig für Lorenz von Hofkirchen. Ø 6,729 cm 80 g. ",,,,,"Durchmesser 6.729 cm, Gewicht 80 g.",
418179,LM-IM110,Numismatik,Staatenbund/Bundesstaat,"Schweiz. Medaille auf das Bündnis von Zürich mit Graubünden 1707. 1707. Ø 3,91 cm 34,8 g. Gold. ",1707,,,,"Durchmesser 3.91 cm, Gewicht 34.8 g.",Gold.
415802,M-2237,Numismatik,Marken münzähnlich,"Aargau. Baden. Bierbrauerei Z. Hirschli. Biermarke. Ø 2 cm 3,04 g. Messing. ",,,,,"Durchmesser 2 cm, Gewicht 3.04 g.",Messing.
415798,M-2239,Numismatik,Marken münzähnlich,"Baselland. Gelterkinden. Brauerei Farnsburg. Biermarke für ein Glas Bier. Ø 2,02 cm 2,45 g. Messing. ",,,,,"Durchmesser 2.02 cm, Gewicht 2.45 g.",Messing.
415799,M-2240,Numismatik,Marken münzähnlich,"Basel. Gelterkinden. Bierbrauerei Franz Laur. Biermarke, *Gut für ein Glas Bier'. Herstellung:. Ø 2 cm 2,92 g. Bronze. ",,,,,"Durchmesser 2 cm, Gewicht 2.92 g.",Bronze.
415791,M-2845,Numismatik,Marken münzähnlich,"Zürich. Bierhalle Ochsen. Wertmarke 20. Ø 2,27 cm 3,4 g. Messing. ",,,,,"Durchmesser 2.27 cm, Gewicht 3.4 g.",Messing.
415792,M-2850,Numismatik,Marken münzähnlich,"Zürich. 'Schäfli'. Biermarke mit Schützenzeichen. Ø 2 cm 2,62 g. Messing. ",,,,,"Durchmesser 2 cm, Gewicht 2.62 g.",Messing.
415793,M-2852,Numismatik,Marken münzähnlich,"Zürich. 'Feldbach'. Biermarke 1/2 Liter. Ø 2,25 cm 4,1 g. Messing. ",,,,,"Durchmesser 2.25 cm, Gewicht 4.1 g.",Messing.
415796,M-2860,Numismatik,Marken münzähnlich,"Zürich. Café Rieder. Biermarke. Ø 1,95 cm 1,47 g. ",,,,,"Durchmesser 1.95 cm, Gewicht 1.47 g.",
415858,M-2891,Numismatik,Historische Medaille,"Schweiz. Medaille 1602 auf die Bündnisserneuerung der Eidgenossen mit Henri IV. von Frankreich. Inhalt: Heinrich IV. von Frankreich. 1602. Ø 44,8 cm 39,75 g. Gold. ",1602,,,Heinrich IV. von Frankreich. ,"Durchmesser 44.8 cm, Gewicht 39.75 g.",Gold.
419197,M-2928,Numismatik,Münze,"Frankreich. Charles VI. (1380-1422). Ecu d`or. Fd. Pfinwald/VS 1908. Ø 2,94 cm 3,92 g (Gold). ",,,,,"Durchmesser 2.94 cm, Gewicht 3.92 g (Gold ).",
415801,M-3346,Numismatik,Marken münzähnlich,"St. Gallen. Café Hecht. Biermarke. Ø 2,04 cm 1,82 g. ",,,,,"Durchmesser 2.04 cm, Gewicht 1.82 g.",
415800,M-3347,Numismatik,Marken münzähnlich,"St. Gallen. Café Hecht. Biermarke. Ø 2,04 cm 2,39 g. Messing. ",,,,,"Durchmesser 2.04 cm, Gewicht 2.39 g.",Messing.
415794,M-5459,Numismatik,Marken münzähnlich,"Zürich. 'Salmenbräu'. Wertmarke 20. Ø 2,44 cm 3,28 g. Aluminiumblech. ",,,,,"Durchmesser 2.44 cm, Gewicht 3.28 g.",Aluminiumblech.
415797,M-5460,Numismatik,Biermarke,"Zürich. S. U. Sommer-Glutz. Biermarke ohne Nominalbezeichnung. Ø 2,04 cm 2,33 g. ",,,,,"Durchmesser 2.04 cm, Gewicht 2.33 g.",
416530,M-6732,Numismatik,Münze,"Glarus. Schilling o. J. (17. Jh.). Ø 1,886 cm 1,15 g. Billon. ",,,,,"Durchmesser 1.886 cm, Gewicht 1.15 g.",Billon.
415804,M-7125,Numismatik,Marken münzähnlich,"Zürich. Hotel Central. Biermarke. Ø 2 cm 1,35 g. Zinn. ",,,,,"Durchmesser 2 cm, Gewicht 1.35 g.",Zinn.
415803,M-7131,Numismatik,Marken münzähnlich,"Zürich. J.J. Altwegg. Biermarke.  1871. Ø 2 cm 3,36 g. Messing. ",,,,,"Durchmesser 2 cm, Gewicht 3.36 g.",Messing.
417224,M-8165,Numismatik,,"Keltische Münze. Boier (Polen). Stater vom 'Krakauer Typus'. Ø 1,71 cm 6,832 g. Elektron.. ",,,,,"Durchmesser 1.71 cm, Gewicht 6.832 g.",Elektron.
402808,M-8696,Numismatik,Banknote,"Schweizerische Nationalbank. Banknote zu 100 Franken. Bern & Zürich 1918. SPECIMEN (Tell). Inhalt: Tell. Tellskapelle. Jungfrau (Berg). Herstellung: Orell Füssli Art. Institut, Zürich (Druck); S. Balzer (verantwortlich f. Entwurf). 1. Jan. 1918. 11,5 x 18 cm. Kupferstich auf Papier, Offsetdruck. ",1.1.1918,"Orell Füssli Art. Institut, Zürich (Druck); S. Balzer (verantwortlich f. Entwurf)",,Tell. Tellskapelle. Jungfrau (Berg). ,"Höhe 11.5 cm, Breite 18 cm.","Kupferstich auf Papier, Offsetdruck."
402807,M-8698,Numismatik,Banknote,"Schweiz. Nationalbank. Banknote zu 100 Franken. Bern & Zürich 1910. SPECIMEN (Mäher). Inhalt: MäherIn (SchnitterIn). Mähen. Herstellung: Ferdinand Hodler (1853 - 1918) (Entwurf); Waterlow & Sons Ltd., London (Druck). 1. Jan. 1910. 11,5 x 18,1 cm. Stahlstich auf Papier. ",1.1.1910,"Ferdinand Hodler (1853 - 1918) (Entwurf); Waterlow & Sons Ltd., London (Druck)",,MäherIn (SchnitterIn). Mähen. ,"Höhe 11.5 cm, Breite 18.1 cm.",Stahlstich auf Papier.
334221,M-9320,Numismatik,Kassenschein,"Zürich. Bank in Zürich. Banknote zu 10 Brabanter-Thaler. Zürich 1837. Herstellung: Rudolf Foppert, Zürich. 27. Mai 1837. 12,1 x 19,5 cm. Papier. ",27.5.1837,"Rudolf Foppert, Zürich. ",,,"Höhe 12.1 cm, Breite 19.5 cm.",Papier.
418739,M-9464,Numismatik,Banknote,"Graubünden. Graubündner Kantonalbank. Banknote zu 100 Franken. Chur 1878. 1. Okt. 1878. 10,5 x 19 cm. Papier. ",1.10.1878,,,,"Höhe 10.5 cm, Breite 19 cm.",Papier.
415857,M-9861,Numismatik,Medaille,"Goldkette mit Medaille. Geschenk von Henri IV. an H. J. von Diesbach 1602. Inhalt: Heinrich IV. von Frankreich. Ø 45 cm 38,8687 g (Kette: 87.31 g). Gold. ",,,,Heinrich IV. von Frankreich. ,"Durchmesser 45 cm, Gewicht 38.8687 g (Kette: 87.31 g).",Gold.
379182,M-9966,Numismatik,Sitten,"Merowinger Reich. Münzstätte Sitten. Münzmeister Gratus. Triens.. 600 - 650. . Ø 1,258 cm 1,22 g. Gold. ",0600 - 0650  ,,,,"Durchmesser 1.258 cm, Gewicht 1.22 g.",Gold.
401027,M-10081,Numismatik,Münze,"Schweiz. 20 Franken 1897 (Gondo-Gold) (mit Randschrift) (Goldvreneli). Ø 2,12 cm 6,45 g. ",,,,,"Durchmesser 2.12 cm, Gewicht 6.45 g.",
413420,M-11046,Numismatik,Medaille,"Solothurn, Verdienstmedaille o.J. verliehen 1814 an J.H. Wieland. Ø 4,27 cm 72,53 g. Gold. ",,,,,"Durchmesser 4.27 cm, Gewicht 72.53 g.",Gold.
393674,M-14091,Numismatik,Medaille,"Medaille der 'Assemblée provisoire du Pays de Vaud' an F.-C. de La Harpe 1798. Herstellung: Graveur Charles Wielandy, Genf (Kanton) ((1748-1837)). Ø 6,31 cm 205,9 g. Gold. 

Literatur:
Lit. Jean-Charles Biaudet. La médaille d'or de Frédéric-César de La Harpe ou 'l'inconstance de la fortune', in: La monnaie de la pièce... Hommages à Colin Martin. Bibliothèque historique vaudoise No 105 (1992), p. 305-312. ",,"Graveur Charles Wielandy, Genf (Kanton) ((1748-1837)). ",,,"Durchmesser 6.31 cm, Gewicht 205.9 g.",Gold.
334219,M-14411,Numismatik,Banknote,"Schweiz. Nationalbank. Banknote zu 100 Franken, Interimsnote. Bern & Zürich 1907. Herstellung: Bradbury, Wilkinson & Co, London. 1. Feb. 1907. 11,5 x 18 cm. Stahlstich auf Papier. ",1.2.1907,"Bradbury, Wilkinson & Co, London. ",,,"Höhe 11.5 cm, Breite 18 cm.",Stahlstich auf Papier.
416532,M-14855,Numismatik,Rechenpfennig,"Deutschland. Nürnberg. Rechenpfennig 1801. FO: Opferstock Rein Rüfenach / AG. 3,55 g. Messing. ",,,,,Gewicht 3.55 g.,Messing.
319309,M-14947.GF,Numismatik,Namenaktie,"Volksbank in Hochdorf SO. Aktie zu Fr. 2000. N° 11. Hochdorf 1926. Inhalt: Bankwesen. 31. Dez. 1926. 32 x 41,8 cm (Coupons separat). Papier. ",31.12.1926,,,Bankwesen. ,"Höhe 32 cm, Breite 41.8 cm (Coupons separat).",Papier.
319340,M-14948,Numismatik,Aktie,"Swissair. Namensaktie zu Fr. 500. No 28364. Zürich 1947. Inhalt: Luftfahrt. Herstellung: Hersteller Orell Füssli, Zürich. 17. April 1947. 21 x 29,5 cm. Papier. ",17.4.1947,"Hersteller Orell Füssli, Zürich. ",,Luftfahrt. ,"Höhe 21 cm, Länge 29.5 cm.",Papier.
319313,M-14949,Numismatik,Inhaberaktie,"Swissair - Schweiz. Luftverkehr- AG Zürich. Inhaberaktie zu Fr. 350. Zürich 1967. Inhalt: Luftfahrt.. Herstellung: Hersteller Orell Füssli, Zürich. 28. April 1967. 21 x 29,5 cm. ",28.4.1967,"Hersteller Orell Füssli, Zürich. ",,Luftfahrt.. ,"Höhe 21 cm, Breite 29.5 cm.",
319303,M-14956.GF,Numismatik,Inhaberaktie,"SA du Village Suisse. Inhaberaktie zu Fr. 100. N° 15897. Genf 1898. Inhalt: Berglandschaft. Haus Schweiz. Schweizerwappen. Herstellung: Hersteller J. Kubly, Genf. 30. Nov. 1898. 35,7 x 23 cm. Stahlstich auf Papier, Lithographie. ",30.11.1898,"Hersteller J. Kubly, Genf. ",,Berglandschaft. Haus Schweiz. Schweizerwappen. ,"Höhe 35.7 cm, Länge 23 cm.","Stahlstich auf Papier, Lithographie."
319300,M-14957,Numismatik,Anleihe,"Schweizerische Eidgenossenschaft. Wehranleihe für 100 Franken zu 3%. Nr. 022568. Bern 1936. Herstellung: Hersteller Orell Füssli, Zürich. 1. Nov. 1931. 29,6 x 21 cm. Papier. ",1.11.1931,"Hersteller Orell Füssli, Zürich. ",,,"Höhe 29.6 cm, Länge 21 cm.",Papier.
319304,M-14958,Numismatik,Inhaberaktie,"AG Hotel Gurnigel. Inhaberaktie zu Fr. 250. Nr. 1154. Bern 1904. Inhalt: Tourismus. Hotellerie und Gastgewerbe. Herstellung: Hersteller Benteli A.G. Druckerei, Bern. 10. Aug. 1904. 28 x 22 cm. Papier. ",10.8.1904,"Hersteller Benteli A.G. Druckerei, Bern. ",,Tourismus. Hotellerie und Gastgewerbe. ,"Höhe 28 cm, Breite 22 cm.",Papier.
319305,M-14959,Numismatik,Gründeraktie,"SA du Grand Hôtel du Lac de Joux. Gründeraktie zu Fr. 500. Nr. 213. Le Sentier/VD 1900. Inhalt: Hotellerie und Gastgewerbe. Tourismus. Herstellung: Hersteller Atar AG Verlag, Genf. 3. April 1900. 35,3 x 25,5 cm. Stahlstich auf Papier, Lithographie. ",3.4.1900,"Hersteller Atar AG Verlag, Genf. ",,Hotellerie und Gastgewerbe. Tourismus. ,"Höhe 35.3 cm, Breite 25.5 cm.","Stahlstich auf Papier, Lithographie."
319306,M-14960,Numismatik,Gründeraktie,"Regina Montium AG. Inhaberaktie zu Fr. 500. Nr. 3498. Gersau 1873. Inhalt: Hotellerie und Gastgewerbe. Tourismus. Herstellung: Hersteller Schultze C., Basel. 20. Sept. 1873. 31,9 x 23,3 cm. Stahlstich auf Papier, Lithographie. ",20.9.1873,"Hersteller Schultze C., Basel. ",,Hotellerie und Gastgewerbe. Tourismus. ,"Höhe 31.9 cm, Breite 23.3 cm.","Stahlstich auf Papier, Lithographie."
319307,M-14961,Numismatik,Inhaberaktie,"AG Bad Weissenburg. Inhaberaktie zu Fr. 500. Nr. 1562. Bern 1890. Inhalt: Hotellerie und Gastgewerbe. Tourismus. 14. Nov. 1890. 34 x 23,6 cm. Stahlstich auf Papier, lithografiert. ",14.11.1890,,,Hotellerie und Gastgewerbe. Tourismus. ,"Höhe 34 cm, Breite 23.6 cm.","Stahlstich auf Papier, lithografiert."
319310,M-14962,Numismatik,Inhaberaktie,"Arther-Rigibahn-Gesellschaft. Inhaberaktie Fr. 500. Nr. 5188. Arth 1873. Inhalt: Zahnradbahn. Ortsansicht Arth. Herstellung: Hersteller Westfehling J., Winterthur. 28. März 1873. 40,2 x 25,5 cm. Stahlstich auf Papier. ",28.3.1873,"Hersteller Westfehling J., Winterthur. ",,Zahnradbahn. Ortsansicht Arth. ,"Höhe 40.2 cm, Breite 25.5 cm.",Stahlstich auf Papier.
319312,M-14963,Numismatik,Inhaberaktie,Lake Constance and Basle Railway. Inhaberaktie zu Fr. 500 / £ 20. Nr. 7170. St. Gallen 1852. Inhalt: Eisenbahn. 6. Dez. 1852. 16 x 26 cm. Stahlstich auf Papier. ,6.12.1852,,,Eisenbahn. ,"Höhe 16 cm, Breite 26 cm.",Stahlstich auf Papier.
319314,M-14964,Numismatik,Inhaberaktie,"AG Arnold B. Heine & Co. Inhaberaktie zu Fr. 500. Nr. 6176. Arbon 1903. Inhalt: Stickerei. Herstellung: Hersteller Orell Füssli, Zürich. 26. Okt. 1903. 37 x 22,8 cm. Papier. ",26.10.1903,"Hersteller Orell Füssli, Zürich. ",,Stickerei. ,"Höhe 37 cm, Breite 22.8 cm.",Papier.
319315,M-14965,Numismatik,Obligation,"Baumwollspinnerei Murkart. Obligation von Fr. 1000 zu 5%. Nr. 44. Wengi BE 1865. Inhalt: Fabrik. Spinnerei. 12. Sept. 1865. 37,5 x 25,2 cm. Papier. ",12.9.1865,,,Fabrik. Spinnerei. ,"Höhe 37.5 cm, Breite 25.2 cm.",Papier.
319317,M-14966,Numismatik,Inhaberaktie,"Nouvelle SA des Automobiles Martini. Inhaberaktie zu Fr. 125. Nr. 653. Saint-Blaise/NE 1915. Inhalt: Automobil. Herstellung: Trub & Co A. Lithograph, Lausanne. 6. Juli 1915. 19,4 x 24,9 cm. Papier. ",6.7.1915,"Trub & Co A. Lithograph, Lausanne. ",,Automobil. ,"Höhe 19.4 cm, Breite 24.9 cm.",Papier.
319316,M-14967,Numismatik,Namenaktie,"C.F. Bally AG in Schönenwerd. 5 Namensaktien zu Fr. 1000. Nrn. 5306-5310. Schönenwerd 1907. Inhalt: Familienwappen. Schuhmacher(ei). Herstellung: Hersteller Kreis & Co. A. G. Buchdruckerei, Basel. 3. Okt. 1907. 23,5 x 15,6 cm. Papier. ",3.10.1907,"Hersteller Kreis & Co. A. G. Buchdruckerei, Basel. ",,Familienwappen. Schuhmacher(ei). ,"Höhe 23.5 cm, Breite 15.6 cm.",Papier.
319318,M-14968,Numismatik,Namenaktie,"Sumatra-Tabak-Gessellschaft 'Tandjong-Kassau' Zürich. Namensaktie zu Fr. 1000. Nr. 383.  Zürich 1896. Inhalt: Tabakverarbeitung. Herstellung: Hersteller Orell Füssli, Zürich. 1. Feb. 1896. 38,8 x 25,5 cm. Papier. ",1.2.1896,"Hersteller Orell Füssli, Zürich. ",,Tabakverarbeitung. ,"Höhe 38.8 cm, Breite 25.5 cm.",Papier.
319319,M-14969,Numismatik,Inhaberaktie,"Soc. des usines de Vevey & Montreux - produits alimentaires. Inhaberaktie zu Fr. 500. N° 1273. Lausanne 1880. Inhalt: Lebensmittelfabrikation. Herstellung: Hersteller Corbaz & Cie., Lausanne. 31. Aug. 1880. 35,8 x 23,5 cm (Coupon 1 lose). Papier. ",31.8.1880,"Hersteller Corbaz & Cie., Lausanne. ",,Lebensmittelfabrikation. ,"Höhe 35.8 cm, Breite 23.5 cm (Coupon 1 lose).",Papier.
319328,M-14970.GF,Numismatik,Aktie,"Handwerker-Bank Basel 1899. Aktie zu Fr. 500. Blankette. Basel 1899. Inhalt: Bankwesen. 3. März 1899. 27,7 x 36 cm. Papier. ",3.3.1899,,,Bankwesen. ,"Höhe 27.7 cm, Breite 36 cm.",Papier.
319329,M-14971,Numismatik,Inhaberaktie,"Banca Cantonale Ticinese. Gründeraktie zu Fr. 200. N° 760. Bellinzona 1894. Inhalt: Bankwesen. Lago di Lugano. Ortsansicht Bellinzona. Herstellung: Hersteller Colombi Lithographie, Bellinzona. 31. Dez. 1894. 39,8 x 24,9 cm. Lithographie auf Papier. ",31.12.1894,"Hersteller Colombi Lithographie, Bellinzona. ",,Bankwesen. Lago di Lugano. Ortsansicht Bellinzona. ,"Höhe 39.8 cm, Breite 24.9 cm.",Lithographie auf Papier.
319330,M-14973,Numismatik,Inhaberaktie,"Eidgenössische Bank. Inhaberaktie zu Fr. 500.-. Bern 1870. Inhalt: Bankwesen. Herstellung: Hersteller Rieder & Simmen Druckerei, Bern. 1. Aug. 1870. 24 x 25,5 cm. Papier. ",1.8.1870,"Hersteller Rieder & Simmen Druckerei, Bern. ",,Bankwesen. ,"Höhe 24 cm, Breite 25.5 cm.",Papier.
319334,M-14974,Numismatik,Obligation,"Schweiz. Bankgesellschaft. Obligation von Fr. 5000 zu 3 3/4% (1984-93). SPECIMEN. Zürich 1984. Inhalt: Bankwesen. 5. April 1984. 21 x 29,8 cm. Papier, gedruckt. ",5.4.1984,,,Bankwesen. ,"Höhe 21 cm, Breite 29.8 cm.","Papier, gedruckt."
319335,M-14975,Numismatik,Partizipationsschein,"Schweizeriche Kreditanstalt. Zertifikat über Namensaktie und PS  zu Fr. 100 und Fr. 10.-. SPECIMEN gelocht. Zürich o. J. (um 1980). Um 1980. 21 x 29,8 cm. Papier. ",1980,,,,"Höhe 21 cm, Breite 29.8 cm.",Papier.
319336,M-14976,Numismatik,Namenaktie,"Parkett- & Chalet-Fabrik Interlaken. Stammaktie zu Fr. 250. Nr. 804. Interlaken 1896. Inhalt: Baugewerbe. Chalet Berner Oberland. Herstellung: Hersteller Gebhardt, Roesch u. Schatzmann Stecher, Bern;. 23. Mai 1896. 37,7 x 24 cm. Stahlstich auf Papier. ",23.5.1896,"Hersteller Gebhardt, Roesch u. Schatzmann Stecher, Bern; ",,Baugewerbe. Chalet Berner Oberland. ,"Höhe 37.7 cm, Breite 24 cm.",Stahlstich auf Papier.
319337,M-14977,Numismatik,Inhaberaktie,Internationale AG Aeberli-Makadam. Inhaberaktie zu Fr. 1000. Nr. 210. Zürich 1908. Inhalt: Baugewerbe. Herstellung: Lithograph Trüb A. & Cie. 26. Dez. 1908. 36 x 23 cm. Lithographie. ,26.12.1908,Lithograph Trüb A. & Cie. ,,Baugewerbe. ,"Höhe 36 cm, Länge 23 cm.",Lithographie.
319338,M-14978,Numismatik,Inhaberaktie,"Portland-Cementfabrik Dittingen. Inhaberaktie zu Fr. 500. Blankette. Laufen 1903. Inhalt: Baugewerbe. Jugendstilmotiv. Herstellung: Lithograph Jent H., Bern. 11. Juli 1903. 28,2 x 22,2 cm. Lithographie. ",11.7.1903,"Lithograph Jent H., Bern. ",,Baugewerbe. Jugendstilmotiv. ,"Höhe 28.2 cm, Breite 22.2 cm.",Lithographie.
319339,M-14979.GF,Numismatik,Inhaberaktie,"Soc. Suisse des Mines d´or de Gondo. 5 Inhaberaktien zu je Fr. 25. N° 49876-49880. Sitten 1895. Inhalt: Bergbau. Herstellung: Hersteller Kugelmann SA. 14. Sept. 1895. 21,5 x 31,7 cm. Lithographie auf Papier. ",14.9.1895,Hersteller Kugelmann SA. ,,Bergbau. ,"Höhe 21.5 cm, Breite 31.7 cm.",Lithographie auf Papier.
319341,M-14980.GF,Numismatik,Genussschein,"SA Française Mines d´or de Gondo. Genussschein o. Nennwert. N° 170. Paris 1875. Inhalt: Bergbau. Herstellung: Hersteller Boyer Jules, Boulogne-sur-Seine. 16. Feb. 1875. 23,4 x 31,7 cm. Lithographie auf Papier. ",16.2.1875,"Hersteller Boyer Jules, Boulogne-sur-Seine. ",,Bergbau. ,"Höhe 23.4 cm, Breite 31.7 cm.",Lithographie auf Papier.
319342,M-14981,Numismatik,Inhaberaktie,"SA de la Manufacture Lausannoise de Biscuits. Inhaberaktie zu Fr. 500. Nr. 262. Lausanne 1899. Inhalt: Lebensmittelfabrikation. Fabrik. Herstellung: Hersteller VIncent Lucien, Lausanne. 15. Jan. 1899. 24 x 21,3 cm. Papier. ",15.1.1899,"Hersteller VIncent Lucien, Lausanne. ",,Lebensmittelfabrikation. Fabrik. ,"Höhe 24 cm, Breite 21.3 cm.",Papier.
319343,M-14982,Numismatik,Namenaktie,"Unionsdruckerei AG Luzern. Namensaktie zu Fr. 50. Nr. 106. Luzern 1926. Inhalt: Druckerei. Herstellung: Hersteller Unionsdruckerei A.G., Luzern. 31. Dez. 1926. 22 x 28,7 cm. ",31.12.1926,"Hersteller Unionsdruckerei A.G., Luzern. ",,Druckerei. ,"Höhe 22 cm, Länge 28.7 cm.",
319344,M-14983,Numismatik,Inhaberaktie,"'Centra' Handels- und Industrie AG Chur, 1927, Inhaberaktie zu Fr. 100. Nr. 5032. Chur 1927. Inhalt: Industrie. Merkur. Firmengebäude. Herstellung: Hersteller Trüb & Co A., Bern. 15. Dez. 1927. 36,6 x 29,2 cm. ",15.12.1927,"Hersteller Trüb & Co A., Bern. ",,Industrie. Merkur. Firmengebäude. ,"Höhe 36.6 cm, Länge 29.2 cm.",
319346,M-14984,Numismatik,Obligation,"Seeländische Wasserversorgungs-Genossenschaft. Obligation von Fr. 10. Serie 10534. Täuffelen 1920. Inhalt: Wasserversorgung. Feuerwehr. Waschszene. Herstellung: Lithograph Armbruster, Bern. 15. Nov. 1920. 23,9 x 14,5 cm. Papier, gedruckt. ",15.11.1920,"Lithograph Armbruster, Bern. ",,Wasserversorgung. Feuerwehr. Waschszene. ,"Höhe 23.9 cm, Breite 14.5 cm.","Papier, gedruckt."
319347,M-14985,Numismatik,Aktie,"Steinfabrik Pfäffikon. Aktiezu Fr. 1000. N° 276. Pfäffikon/SZ 1899. Inhalt: Bauindustrie. 15. Juni 1899. 41,5 x 26,7 cm. Papier. ",15.6.1899,,,Bauindustrie. ,"Höhe 41.5 cm, Breite 26.7 cm.",Papier.
319348,M-14988,Numismatik,Bank,"Bank in Zürich. Namensaktie zu Fr. 1000. Nr. 4881. Zürich 1857. Inhalt: Bankwesen. Herstellung: Hersteller Orell Füssli, Zürich. 1. Jan. 1857. 23,7 x 37,5 cm. Stahlstich auf Papier. ",1.1.1857,"Hersteller Orell Füssli, Zürich. ",,Bankwesen. ,"Höhe 23.7 cm, Breite 37.5 cm.",Stahlstich auf Papier.
331915,M-14991,Numismatik,Inhaberaktie,"Schweizerischen Nationalbank. 10 Inhaberaktien von je Fr. 500. Nrn 57131-40. Zürich/Bern 1907. Herstellung:  (Buchdruckerei Winterthur vorm. G. Binkert). 6. Juni 1907. 40 x 26,5 cm. ",6.6.1907, (Buchdruckerei Winterthur vorm. G. Binkert). ,,,"Höhe 40 cm, Breite 26.5 cm.",
331916,M-14992,Numismatik,Bank,"Schweizerischen Nationalbank. Aktie zu Fr. 500. Nr. 50882. Bern und Zürich 1907. Herstellung:  (Buchdruckerei Winterthur vorm. G. Binkert). 6. Juni 1907. 40 x 26,5 cm. ",6.6.1907, (Buchdruckerei Winterthur vorm. G. Binkert). ,,,"Höhe 40 cm, Breite 26.5 cm.",
331917,M-14993,Numismatik,Bank,"Schweizerische Nationalbank. 5 Aktien zu je Fr. 500. Bern und Zürich 1907. Herstellung:  (Buchdruckerei Winterthur vorm. G. Binkert). 6. Juni 1907. 40 x 26,5 cm. ",6.6.1907, (Buchdruckerei Winterthur vorm. G. Binkert). ,,,"Höhe 40 cm, Breite 26.5 cm.
Höhe 40 cm, Breite 26.5 cm.",
331918,M-14994.GF,Numismatik,Bank,"Schweizerischen Nationalbank. Entwurf für Aktie zu 500 Franken, gelber Rand. Um 1900. 44 x 29,8 cm. ",1900,,,,"Höhe 44 cm, Breite 29.8 cm.",
331922,M-14995.GF,Numismatik,Bank,"Schweizerischen Nationalbank. Entwurf für Aktie zu 500 Franken, blauer Rand. Um 1900. Um 1900. 44 x 29,8 cm. ",1900,,,,"Höhe 44 cm, Breite 29.8 cm.",
331923,M-14996.GF,Numismatik,Wertschrift,"Schweizerischen Nationalbank. Entwurf für Aktie zu 500 Franken, rot-brauner Druck. Um 1900. Um 1900. 44 x 29,8 cm. ",1900,,,,"Höhe 44 cm, Breite 29.8 cm.",
331924,M-14997,Numismatik,Wertschrift,"Namensaktie d. Gesellschaft Greisenasyl Ellikon a.d. Thur zu Fr. 100. Winterthur. Herstellung: Winterthur (J. Westfehling, Druck). 15. Okt. 1876. 37,3 x 26 cm. ",15.10.1876,"Winterthur (J. Westfehling, Druck). ",,,"Höhe 37.3 cm, Breite 26 cm.",
331926,M-14998,Numismatik,Wertschrift,"Inhaberaktie der Banque Générale Suisse zu 500 Franken. Genf. Herstellung: Paris (Napoleon Chaix Ef Cie.). 2. April 1857. 34,5 x 24,5 cm. ",2.4.1857,Paris (Napoleon Chaix Ef Cie.),,,"Höhe 34.5 cm, Breite 24.5 cm.",
323550,M-15024,Numismatik,Wertschrift,"Namensaktie der SA du Bateau à vapeur en fer L`Industriel, Neuchâtel. 30. Juni 1834. 41 x 26,4 cm. Papier. ",30.6.1834,,,,"Höhe 41 cm, Breite 26.4 cm.",Papier.
323554,M-15026,Numismatik,Wertschrift,"Inhaberaktie der Omni Holding AG zu Fr. 500.-. Bern. 24. Juni 1988. 29,6 x 42 cm. ",24.6.1988,,,,"Höhe 29.6 cm, Breite 42 cm.",
326475,M-15059,Numismatik,Wertschrift,"Inhaberaktie der Zürcher Gesellschaft für Gasbeleuchtung zu Fr. 500.-, Blankette. Herstellung: Zürich (Orell, Füssli & Co.). 30. April 1867. 20,7 x 29,3 cm. ",30.4.1867,"Zürich (Orell, Füssli & Co.)",,,"Höhe 20.7 cm, Breite 29.3 cm.",
326476,M-15060,Numismatik,Namenaktie,"Namensaktie zu Fr. 1000.-. Maison Fred Bordier&Cie, Genf. Herstellung: Genf (Lithograph Schmid). Datiert 1. Jan. 1840. 19 x 25,5 cm. ",01.01.40,Genf (Lithograph Schmid). ,,,"Höhe 19 cm, Breite 25.5 cm.",
326477,M-15061,Numismatik,Dampfschiff,"SA des Mouettes Genevoises. Inhaberaktie zu Fr. 100. N° 710. Genf 1897. Inhalt: Personenschiff. Motorboot. Herstellung: Lith. H. Maire, Genf (Lith. H. Maire). 30. Okt. 1897. 22 x 30 cm. Papier. ",30.10.1897,"Lith. H. Maire, Genf (Lith. H. Maire). ",,Personenschiff. Motorboot. ,"Höhe 22 cm, Breite 30 cm.",Papier.
326478,M-15062.GF,Numismatik,Obligation,"Soc. des Mines d´or d´Helvétie. Hypothekarobligation zu Fr. 100 à 7%. N° 274. Gondo 1891. Inhalt: Bergbau. Herstellung: Paris (Imp. de la Bpourse, L. Noyer; 68, rue de Richelieu). 1. Aug. 1891. 45,5 x 29,6 cm. Papier. ",1.8.1891,"Paris (Imp. de la Bpourse, L. Noyer; 68, rue de Richelieu). ",,Bergbau. ,"Höhe 45.5 cm, Breite 29.6 cm.",Papier.
326479,M-15063.GF,Numismatik,Inhaberaktie,"SA d´Anthracite Russe. Inhaberaktie zu Fr. 100. N° 28087. Genf 1907. Inhalt: Handel und Dienstleistungen. Bergbau. 19. Sept. 1907. 23,5 x 31 cm. Papier. ",19.9.1907,,,Handel und Dienstleistungen. Bergbau. ,"Höhe 23.5 cm, Breite 31 cm.",Papier.
334484,M-15140,Numismatik,Wertschrift,"Namensaktie der Berghof-Gesellschaft in Melchnau / BE zu 1000 Franken. Inhalt: (Landwirtschaft). 28. März 1873. 28,3 x 21,7 cm. ",28.3.1873,,,(Landwirtschaft). ,"Höhe 28.3 cm, Breite 21.7 cm.",
334485,M-15141.GF,Numismatik,Inhaberaktie,"Dampfschiffahrts-Gesellschaft f. d. Zürichsee. Inhaberaktie zu Fr. 500. Blankette. Zürich 1864. Inhalt: Dampfschiff. 26. Sept. 1864. 43,3 x 24,7 cm. Papier. ",26.9.1864,,,Dampfschiff. ,"Höhe 43.3 cm, Breite 24.7 cm.",Papier.
384434,M-15183,Numismatik,Inhaberaktie,"Elektrische Bahn Brunnen-Morschach. Inhaberaktie zu Fr. 500. N° 250. Brunnen 1904. Inhalt: Eisenbahn. Herstellung: Trub & Co A. Lithograph, Aarau. 1. Sept. 1904. 36,5 x 22,2 cm (Coupon 16 lose). Papier. ",1.9.1904,"Trub & Co A. Lithograph, Aarau. ",,Eisenbahn. ,"Höhe 36.5 cm, Breite 22.2 cm (Coupon 16 lose).",Papier.
384404,M-15193,Numismatik,Inhaberaktie,"Bank für Hypothekar Credit. Inhaberaktie zu Fr. 500. N° 0562. Glarus 1928. Inhalt: Bankwesen. Herstellung: Fretz, Gebrüder AG Druckerei, Verlag, Zürich. 24. Jan. 1928. 22 x 9,3 cm. Papier. ",24.1.1928,"Fretz, Gebrüder AG Druckerei, Verlag, Zürich. ",,Bankwesen. ,"Höhe 22 cm, Breite 9.3 cm.",Papier.
384405,M-15194,Numismatik,Stammaktie,"Bank für Orientalische Eisenbahnen in Zürich. Zertifikat über 5 Stammaktien zu je Fr. 1000. Blankette. Zürich 1890. Inhalt: Bankwesen. Eisenbahn. Herstellung: Orell Füssli Art. Institut, Zürich. 1. Okt. 1890. 22,5 x 36 cm. Papier. ",1.10.1890,"Orell Füssli Art. Institut, Zürich. ",,Bankwesen. Eisenbahn. ,"Höhe 22.5 cm, Breite 36 cm.",Papier.
384406,M-15195,Numismatik,Obligation,"Berner Stadt Theater. Obligation zu Fr. 10. Serie 603 N° 10. Bern 1899. Inhalt: Theaterwelt. Theater (Bautyp). Herstellung: Lips Kunstanstalt, Bern. 17. Mai 1899. 21,5 x 28,5 cm. Papier. ",17.5.1899,"Lips Kunstanstalt, Bern. ",,Theaterwelt. Theater (Bautyp). ,"Höhe 21.5 cm, Breite 28.5 cm.",Papier.
384407,M-15196,Numismatik,Aktie,"Brückenwaage Cham. Actie zu Fr. 50. Blankette. Cham vor 1883. Inhalt: Strassenverkehr. Herstellung: Orell Füssli Art. Institut, Zürich. 1. Mai 1882. 32 x 21,7 cm. Papier. ",1.5.1882,"Orell Füssli Art. Institut, Zürich. ",,Strassenverkehr. ,"Höhe 32 cm, Breite 21.7 cm.",Papier.
384449,M-15197,Numismatik,Namenaktie,"Calanda Bräu. Namenaktie zu Fr. 100. Blankette. Chur 1979. Inhalt: Bierbrauerei. Herstellung: Orell Füssli AG Graphische Betriebe, Zürich. 12. Dez. 1979. 20,4 x 29,6 cm. Papier. ",12.12.1979,"Orell Füssli AG Graphische Betriebe, Zürich. ",,Bierbrauerei. ,"Höhe 20.4 cm, Breite 29.6 cm.",Papier.
384452,M-15198,Numismatik,Namenaktie,"Ciba-Geigy. Namenaktie zu Fr. 200. N° 2024859. Basel 1983. Inhalt: Pharma-Industrie. Herstellung: A. Trüb & Cie., Aarau. 8. Aug. 1983. 19,1 x 29,4 cm. Papier. ",8.8.1983,"A. Trüb & Cie., Aarau. ",,Pharma-Industrie. ,"Höhe 19.1 cm, Breite 29.4 cm.",Papier.
384456,M-15199,Numismatik,Obligation,"Elektrische Stassenbahn Wetzikon-Meilen. Obligation zu Fr. 1000 à 4,25%. Blankette. Grüningen 1932. Inhalt: Strassenbahn (Tram). Herstellung: Orell Füssli AG Graphische Betriebe, Zürich. 1. Juli 1932. 28,2 x 21 cm (Hintergr.+Rahmen blä). Papier. ",1.7.1932,"Orell Füssli AG Graphische Betriebe, Zürich. ",,Strassenbahn (Tram). ,"Höhe 28.2 cm, Breite 21 cm (Hintergr.+Rahmen blä).",Papier.
384459,M-15200,Numismatik,Namenaktie,"Nestlé Alimentana SA. Namen-Aktie zu Fr. 100. N° 2843828. Cham & Vevey 1974. Inhalt: Nahrungsmittelindustrie. Herstellung: Orell Füssli SA Druckerei, Zürich. 9. Mai 1974. 29,6 x 21 cm. Papier. ",9.5.1974,"Orell Füssli SA Druckerei, Zürich. ",,Nahrungsmittelindustrie. ,"Höhe 29.6 cm, Breite 21 cm.",Papier.
384460,M-15201,Numismatik,Inhaberaktie,"Praesens-Film AG. Inhaberaktie zu Fr. 100. N° 8011. Zürich 1955. Inhalt: Film. Herstellung: Trüb A. & Cie., Aarau. 17. Juni 1955. 14,9 x 21 cm. Papier. ",17.6.1955,"Trüb A. & Cie., Aarau. ",,Film. ,"Höhe 14.9 cm, Breite 21 cm.",Papier.
384461,M-15202,Numismatik,Inhaberaktie,"Schweizerische Bankgesellschaft. Inhaberaktie zu Fr. 500. Specimen. Zürich 1968. Inhalt: Bankwesen. Herstellung: Orell Füssli Art. Institut, Zürich. 27. Sept. 1968. 21,3 x 29,3 cm. Papier. ",27.9.1968,"Orell Füssli Art. Institut, Zürich. ",,Bankwesen. ,"Höhe 21.3 cm, Breite 29.3 cm.",Papier.
384462,M-15203,Numismatik,Inhaberaktie,"Soc. Horlogère de Porrentruy Phenix Watch Co. Inhaberaktie zu Fr. 500. Blankette. Pruntrut s.l. Inhalt: Uhrmacherei. Herstellung: Lithographie A. Frossard, Porrentruy. Wohl März 1924. 31,5 x 28,6 cm. Papier. ",3.1924,"Lithographie A. Frossard, Porrentruy. ",,Uhrmacherei. ,"Höhe 31.5 cm, Breite 28.6 cm.",Papier.
384463,M-15204,Numismatik,Obligation,"Zürcherische Museums-Gesellschaft. Obligation zu Fr. 500 à maximal 5%. Blankette. Zürich 1867. Inhalt: Museum (Bautyp). Kultur-, Kongressbetrieb. Herstellung: Orell Füssli & Co., Zürich. 31. Dez. 1867. 22,9 x 31,2 cm. Papier. ",31.12.1867,"Orell Füssli & Co., Zürich. ",,"Museum (Bautyp). Kultur-, Kongressbetrieb. ","Höhe 22.9 cm, Breite 31.2 cm.",Papier.
384466,M-15205,Numismatik,Partizipationsschein,"Teatro e Scuola Dimitri. Partizipationsschein zu Fr. 200. N° 01611. Verscio/TI 1980. Inhalt: Theater. Herstellung: Berichthaus Security Printing, Zürich. 29. April 1980. 21 x 29,7 cm. Papier, gedruckt. ",29.4.1980,"Berichthaus Security Printing, Zürich. ",,Theater. ,"Höhe 21 cm, Breite 29.7 cm.","Papier, gedruckt."
384467,M-15206,Numismatik,Inhaberaktie,"Moskauer Textil-Manufaktur Glarus. Prioritätsaktie zu Fr. 500. N° 241. Glarus 1907. Inhalt: Textilproduktion. 21. Mai 1907. 38,8 x 24,6 cm. Papier. ",21.5.1907,,,Textilproduktion. ,"Höhe 38.8 cm, Breite 24.6 cm.",Papier.
384468,M-15207,Numismatik,Inhaberaktie,"Moskauer Textil-Manufaktur Glarus. Zertifikat über 5 Prioritätsaktien zu je Fr. 100. N° 1801. Glarus 1923. Inhalt: Textilproduktion. Herstellung: Orell Füssli Art. Institut, Zürich. 20. Feb. 1923. 28,3 x 21,5 cm. Papier. ",20.2.1923,"Orell Füssli Art. Institut, Zürich. ",,Textilproduktion. ,"Höhe 28.3 cm, Breite 21.5 cm.",Papier.
384469,M-15208,Numismatik,Inhaberaktie,"Moskauer Textil-Manufaktur Glarus. Stammaktie zu Fr. 10. N° 19. Glarus 1991. Inhalt: Textilproduktion. 1. Dez. 1991. 29,8 x 21 cm. Papier. ",1.12.1991,,,Textilproduktion. ,"Höhe 29.8 cm, Breite 21 cm.",Papier.
384471,M-15209,Numismatik,Stammaktie,"Canada. Investors Overseas Services - I.O.S. Ltd. Zertifikat über 5 Inhaberaktien zu US 25c. N° VW15480. London 1969. Inhalt: Handel und Dienstleistungen. Datiert 1. Dez. 1969. 19,8 x 29 cm. Papier. ",01.12.69,,,Handel und Dienstleistungen. ,"Höhe 19.8 cm, Breite 29 cm.",Papier.
395554,M-15399,Numismatik,Banknote,"Schweiz. Musterbuch. Fr. Müllhaupt mit 21 Banknoten Druckproben der Banque Fédérale Bern. Um 1879. 23,5 x 33 x 1 cm. Karton. ",1879,,,,"Höhe 23.5 cm, Breite 33 cm, Tiefe 1 cm.",Karton.
401996,M-15428,Numismatik,Aktie,"Basel-Zürcher Eisenbahn-Gesellschaft. Interimsschein für 1 Aktie zu Fr. 500. Blankette. Zürich 1841. Inhalt: Eisenbahn (Dampf). Herstellung: Orell Füssli & Co., Zürich. 22. März 1841. 10 x 27 cm. Papier. ",22.3.1841,"Orell Füssli & Co., Zürich. ",,Eisenbahn (Dampf). ,"Höhe 10 cm, Breite 27 cm.",Papier.
402648,M-15433.GF,Numismatik,Inhaberaktie,"Nestlé and Anglo-Swiss Condensed Milk Co. Inhaberaktie zu Fr. 400. Blankette. Cham 1905. Inhalt: Milchwirtschaft. Herstellung: Orell Füssli Art. Institut, Zürich. 1. Aug. 1905. 42 x 27,6 cm. Papier. ",1.8.1905,"Orell Füssli Art. Institut, Zürich. ",,Milchwirtschaft. ,"Höhe 42 cm, Breite 27.6 cm.",Papier.
404602,M-15441,Numismatik,Inhaberaktie,"Schweizerische Kreditanstalt Zürich. Inhaberaktie zu Fr. 500. Blankette. Zürich 1857. Inhalt: Bankwesen. Herstellung: Orell Füssli & Co., Zürich. 30. Nov. 1857. 19 x 30,4 cm. Papier. ",30.11.1857,"Orell Füssli & Co., Zürich. ",,Bankwesen. ,"Höhe 19 cm, Breite 30.4 cm.",Papier.
406975,M-15455,Numismatik,"Sitten, Bm.","Sitten, Bm. Sitten, Bm. Hildebrand I. von Riedmatten (1568-1604), Kreuzer 1583. 1583. Ø 1,7 cm 0,81 g. Billon. ",1583,,,,"Durchmesser 1.7 cm, Gewicht 0.81 g.",Billon.
406976,M-15456,Numismatik,Münze,"Solothurn, Kreuzer 1573. Ø 1,98 cm 0,95 g. Billon. ",,,,,"Durchmesser 1.98 cm, Gewicht 0.95 g.",Billon.
407006,M-15457,Numismatik,Ausland,"USA. Northampton Bank. Banknote zu 5 Taler. Northampton, Pennsylvania, 1836. Inhalt: Rütlischwur. 27. Jan. 1836. 7,4 x 17,4 cm. Papier. ",27.1.1836,,,Rütlischwur. ,"Höhe 7.4 cm, Breite 17.4 cm.",Papier.
403823,M-15598,Numismatik,Münze,"Schweiz. Eidgenossenschaft. 5 Franken 1850. Silber. Ø 3,7 cm 25 g. ",,,,,"Durchmesser 3.7 cm, Gewicht 25 g.",
416555,M-15599,Numismatik,Medaille,"Zürich. Verdienstmedaille, sog. Wappentaler zu 20 Dukaten, 1795. Ø 5,22 cm 69,34 g. Gold. ",,,,,"Durchmesser 5.22 cm, Gewicht 69.34 g.",Gold.
379360,SS-3864,Siegel,Siegelstempel (Kirche),"Abguss. Des Probst Heinrich Manesse, Grossmünster Zürich. 1261. 5 x 3,3 cm. Gips (Material). ",1261,,,,"Länge 5 cm, Breite 3.3 cm.",Gips (Material).
379361,SS-4330,Siegel,Siegelstempel (Kirche),"Abguss. Des Probst Johannes von Wildegg, Grossmünster Zürich. 1289. 6 x 4,1 cm. Gips (Material). ",1289,,,,"Länge 6 cm, Breite 4.1 cm.",Gips (Material).
380216,ZB-1913.56,Numismatik,,"Frankreich. Karl VI. (1380-1422). Münzstätte Tournai. Ecu d`or à la couronne o.J. 1389 - 1411. Ø 2,81 cm 3,92 g. Gold. ",1389 - 1411,,,,"Durchmesser 2.81 cm, Gewicht 3.92 g.",Gold.
380480,ZB-1915.195,Numismatik,,"Fürsterzbistum Magdeburg. Wichmann Graf von Seeburg (1152-1192). Pfennig. Ø 2,61 cm 0,97 g. Silber. ",,,,,"Durchmesser 2.61 cm, Gewicht 0.97 g.",Silber.
418180,ZB-1916.396,Numismatik,Münze,"Oströmisches Reich, Byzanz. Constantin X ducas 1059-67. Nomisma. Ø 2,52 cm 4,19 g. Gold. ",,,,,"Durchmesser 2.52 cm, Gewicht 4.19 g.",Gold.
418181,ZB-1916.398,Numismatik,Münze,"Oströmisches Reich, Byzanz. Basilius II. u. Constantin VIII., 976-1025. Ø 2,47 cm 4,35 g. Gold. ",,,,,"Durchmesser 2.47 cm, Gewicht 4.35 g.",Gold.
379948,ZB-1927.181,Numismatik,,"Königliche Münzstätte Ravensburg. Rudolf von Habsburg (1273-1291). Pfennig ( 1275-1281). 1275 - 1281. Ø 2,14 cm 0,5 g. Silber. ",1275 - 1281,,,,"Durchmesser 2.14 cm, Gewicht 0.5 g.",Silber.
380293,ZB-1930,Numismatik,,"Herzogtum Sachsen. Münzstätte Braunschweig. Heinrich der Löwe (1142-1195). Pfennig  um 1160/80. Um 1160 - 1180. Ø 2,9 cm 0,86 g. Silber. ",1160 - 1180  ,,,,"Durchmesser 2.9 cm, Gewicht 0.86 g.",Silber.
380139,ZB-1942.17,Numismatik,,"Bistum Konstanz. Eberhard II. von Waldburg (1248-1274). Pfennig. Ø 1,9 cm 0,42 g. Silber. ",,,,,"Durchmesser 1.9 cm, Gewicht 0.42 g.",Silber.
380294,ZB-1942.37,Numismatik,,"Königliche Münzstätte Ueberlingen. Pfennig um 1230/1250. Um 1230 - 1250. Ø 2,15 cm 0,47 g. Silber. ",1230 - 1250  ,,,,"Durchmesser 2.15 cm, Gewicht 0.47 g.",Silber.
380134,ZB-1942.45,Numismatik,,"Fürstabtei Weingarten (?). Münzstätte Altdorf. Fürstabt Hugo Graf von Montfort. Pfennig  um 1235-1245. Um 1235 - 1245. Ø 2,15 cm 0,48 g. Silber. ",1235 - 1245  ,,,,"Durchmesser 2.15 cm, Gewicht 0.48 g.",Silber.
380129,ZB-1942.63,Numismatik,,"Breisach. Herzog Hermann I. von Schwaben (926-948) und König Otto I. (936-973). Ø 2,086 cm 1,4 g. Silber. ",,,,,"Durchmesser 2.086 cm, Gewicht 1.4 g.",Silber.
380346,ZB-1942.80,Numismatik,,"Grafschaft Pfirt. Ulrich I. (1234-1275). Pfennig. Ø 1,59 cm 0,36 g. Silber. ",,,,,"Durchmesser 1.59 cm, Gewicht 0.36 g.",Silber.
380287,ZB-1948.95,Numismatik,Schwäbischer Kreis,"Schwäbischer Kreis. Taler 1694. 1694. Ø 4,38 cm 27,84 g. Silber. ",1694,,,,"Durchmesser 4.38 cm, Gewicht 27.84 g.",Silber.
380292,ZB-1965.4,Numismatik,"Arnstein, Herren von","Herrschaft Arnstein. Münzstätte Hettstedt. Walter II.Pfennig ( 2. Hälfte 12. Jh.). 1150 - 1200. Ø 2,81 cm 0,87 g. Silber. ",1150 - 1200  ,,,,"Durchmesser 2.81 cm, Gewicht 0.87 g.",Silber.
379945,ZB-1968.1,Numismatik,,"Bistum Basel. Münzstätte Breisach. Berthold II. von Pfirt (1249-1262). Pfennig um 1250. Ø 1,67 cm 0,29 g. Silber. ",,,,,"Durchmesser 1.67 cm, Gewicht 0.29 g.",Silber.
380140,ZB-1968.4,Numismatik,,"Bistum Augsburg. Hartmann (1250-1286). Pfennig. Ø 2,1 cm 0,62 g. Silber. ",,,,,"Durchmesser 2.1 cm, Gewicht 0.62 g.",Silber.
380259,ZB-1997.60,Numismatik,Frankreich,"Frankreich. Louis XI. (1423-1483).  Gros d`argent du roi o. J.  (1461). 1461. Ø 2,925 cm 3,4 g. Silber. ",1461,,,,"Durchmesser 2.925 cm, Gewicht 3.4 g.",Silber.
380335,ZB-1997.69,Numismatik,,"Flandern. Münzstätte Gent. Ludwig II. von Maële ( 1346-1384). Ecu d`or. Ø 2,938 cm 4,49 g. Gold. ",,,,,"Durchmesser 2.938 cm, Gewicht 4.49 g.",Gold.
380213,ZB-SCH128,Numismatik,Fränkisches Reich,"Fränkisches Reich. Münzstätte Mailand. Karl der Grosse (768-814). Denar (2. Periode 781-800). n. Chr. 781 - 800. Ø 2,13 cm 1,7 g. Silber. ",0781 - 0800  ,,,,"Durchmesser 2.13 cm, Gewicht 1.7 g.",Silber.
379710,ZB-SCH130,Numismatik,,"Fränkisches Reich. Ludwig der Fromme (814 - 840). Ø 1,94 cm 1,44 g. Silber. ",,,,,"Durchmesser 1.94 cm, Gewicht 1.44 g.",Silber.
380261,ZB-SCH201,Numismatik,Aragon,"Königreich Aragonien. Ferdinand II., der Katholische (El Católico). 10 Ducados. Nach 1505. Ø 3,74 cm 34,84 g. Gold. ",1505,,,,"Durchmesser 3.74 cm, Gewicht 34.84 g.",Gold.
380265,ZB-SCH205,Numismatik,Aragon,"Königreich Aragon. Johanna die Wahnsinnige und Karl I. (1516-1555). 4 Reales 1547. 1547. Ø 3,78 cm 13,68 g. Silber. ",1547,,,,"Durchmesser 3.78 cm, Gewicht 13.68 g.",Silber.
380185,ZB-SCH310,Numismatik,Savoien,"Herzogtum Savoyen. Philibert II., der Schöne (1497-1504). Scudo zu 4 Testoni o. J. Ø 4,48 cm 38,14 g. Silber. ",,,,,"Durchmesser 4.48 cm, Gewicht 38.14 g.",Silber.
380184,ZB-SCH311,Numismatik,,"Herzogtum Savoyen. Münzstätte Cornavin. Philibert II., der Schöne (1497-1504). Testone o. J. Ø 2,85 cm 4,56 g. Silber. ",,,,,"Durchmesser 2.85 cm, Gewicht 4.56 g.",Silber.
380196,ZB-SCH334,Numismatik,Savoien,"Herzogtum Savoyen. Emanuel Philibert und seine Gemahlin Margarete von Frankreich. Scudo 1569. 1569. Ø 4,66 cm 37,96 g. Silber. ",1569,,,,"Durchmesser 4.66 cm, Gewicht 37.96 g.",Silber.
380322,ZB-SCH350,Numismatik,Savoien,"Herzogtum Savoyen. Carlo Emanuele I. (1580-1630). Ducatone 1588. Ø 4,31 cm 31,77 g. Silber. ",,,,,"Durchmesser 4.31 cm, Gewicht 31.77 g.",Silber.
380475,ZB-SCH368,Numismatik,Savoien,"Herzogtum Savoyen. Francesco Giancinto. Da 4 Scudi d`oro oder Quadrupla o.J. Ø 3,54 cm 13,23 g. Gold. ",,,,,"Durchmesser 3.54 cm, Gewicht 13.23 g.",Gold.
380203,ZB-SCH517,Numismatik,Tassarolo,"Grafschaft Tassarolo (Piemont). Filippo Spinola (1616-1688). Scudo 1663. 1663. Ø 4,42 cm 31,44 g. Silber. ",1663,,,,"Durchmesser 4.42 cm, Gewicht 31.44 g.",Silber.
379946,ZB-SCH869,Numismatik,,"Bergamo. Republik. Grosso (1240-1260) (mit dem Namen Friedrich II.). 1240 - 1260. Ø 2,11 cm 2,07 g. Silber. ",1240 - 1260  ,,,,"Durchmesser 2.11 cm, Gewicht 2.07 g.",Silber.
380197,ZB-SCH929,Numismatik,,"Herzogtum Mantua. Vincenzo I. Gonzaga (1587-1612). Ducatone 1589. 1589. Ø 4,41 cm 32,06 g. Silber. ",1589,,,,"Durchmesser 4.41 cm, Gewicht 32.06 g.",Silber.
380331,ZB-SCH948,Numismatik,,"Herzogtum Mantua. Vincenzo II. Gonzaga (1626-1627). Ducatone o. J. Ø 5,02 cm 31,58 g. Silber. ",,,,,"Durchmesser 5.02 cm, Gewicht 31.58 g.",Silber.
380313,ZB-SCH953,Numismatik,Mantua,"Herzogtum Mantua. Vincenzo II. Gonzaga (1626-1627). Quarto di Ducatone. 1627. Ø 3,11 cm 7,51 g. Silber. ",1627,,,,"Durchmesser 3.11 cm, Gewicht 7.51 g.",Silber.
380321,ZB-SCH1032,Numismatik,Parma & Piacenza,"Herzogtümer Parma und Piacenza. Ottavio Farnese (1547-1586). Piéfort. 1574. Ø 3,58 cm 31,87 g. Silber. ",1574,,,,"Durchmesser 3.58 cm, Gewicht 31.87 g.",Silber.
380320,ZB-SCH1045,Numismatik,Parma & Piacenza,"Herzogtümer Parma und Piacenza. Alessandro Farnese. Mezzo Scudo o.J. 1574. Ø 3,67 cm 15,73 g. Silber. ",1574,,,,"Durchmesser 3.67 cm, Gewicht 15.73 g.",Silber.
380332,ZB-SCH1166,Numismatik,Modena,"Herzogtum Modena. Francesco I. d`Este (1629-1658). Ducatone o.J. (1646-1651). 1646 - 1651. Ø 4,43 cm 37,47 g. Silber. ",1646 - 1651,,,,"Durchmesser 4.43 cm, Gewicht 37.47 g.",Silber.
380187,ZB-SCH1218,Numismatik,Ferrara,"Herzogtum Ferrara. Ercole (Herkules) I. d`Este (1471-1505). Doppio Ducato o.J. (nach 1497). Nach 1497. Ø 2,6 cm 6,85 g. Gold. ",1497,,,,"Durchmesser 2.6 cm, Gewicht 6.85 g.",Gold.
380319,ZB-SCH1220,Numismatik,Ferrara,"Herzogtum Ferrara. Ercole (Herkules) I. d`Este (1471-1505). Testone o. J. ( 1492/93). 1492 - 1493. Ø 2,77 cm 7,67 g. Silber. ",1492 - 1493,,,,"Durchmesser 2.77 cm, Gewicht 7.67 g.",Silber.
380339,ZB-SCH1254,Numismatik,,"Republik Venedig. Doge Enrico Dandolo (1192-1205). Grosso (ab 1202). Nach. Ø 2,11 cm 2,19 g. Silber. ", ,,,,"Durchmesser 2.11 cm, Gewicht 2.19 g.",Silber.
380178,ZB-SCH1313,Numismatik,Venedig,"Republik Venedig. Doge Nicolò Tron (1471-1474). Lira (ab 1472). Nach. Ø 2,84 cm 6,37 g. Silber. ", ,,,,"Durchmesser 2.84 cm, Gewicht 6.37 g.",Silber.
380338,ZB-SCH1486,Numismatik,Venedig,"Republik Venedig. Doge Silvestro Valier (1694 -1700). Scudo della croce. 1694 - 1698. Ø 4,36 cm 31,49 g. Silber. ",1694 - 1698,,,,"Durchmesser 4.36 cm, Gewicht 31.49 g.",Silber.
380316,ZB-SCH1586,Numismatik,Florenz,"Florenz, Republik. Aldobrandino Lapi (1341). Fiorino d`oro. 1341. Ø 1,95 cm 3,51 g. Gold. ",1341,,,,"Durchmesser 1.95 cm, Gewicht 3.51 g.",Gold.
380317,ZB-SCH1642,Numismatik,Toscana,"Grossherzogtum Toscana. Cosimo III. de Medici (1670-1723). Scudo 1684. 1684. Ø 4,34 cm 26,01 g. Silber. ",1684,,,,"Durchmesser 4.34 cm, Gewicht 26.01 g.",Silber.
380215,ZB-SCH1648,Numismatik,Siena,"Siena. Fiorino d`oro um 1340. Um 1340. .  Ø 2,17 cm. 3,5 g.. Gold. ",1340,,,,"Durchmesser 2.17 cm, Gewicht 3.5 g.",Gold.
380195,ZB-SCH1737,Numismatik,,"Herzogtum Camerino (Marche). Herzogin Giulia Varano. Scudo o. J. Ø 2,14 cm 3,45 g. Gold. ",,,,,"Durchmesser 2.14 cm, Gewicht 3.45 g.",Gold.
380099,ZB-SCH2000,Numismatik,,"Kirchenstaat. Papst Innozenz XI. (Benedetto Odescalchi) 1676-1689. Scudo 1677. 1677. Ø 4,47 cm 32 g. Silber. ",1677,,,,"Durchmesser 4.47 cm, Gewicht 32 g.",Silber.
380205,ZB-SCH2048,Numismatik,Kirchenstaat,"Kirchenstaat. Papst Innozenz XII. (Antonio Pignatelli) (1691-1700). Scudo 1692. 1692. Ø 4,43 cm 32,07 g. Silber. ",1692,,,,"Durchmesser 4.43 cm, Gewicht 32.07 g.",Silber.
380469,ZB-SCH2097,Numismatik,,"Kirchenstaat. Papst Clemens XI. (1700-1721). Scudo a. IV. (o. J.). Inhalt: (Heilige Petrus auf stürmischer See). Herstellung: Medailleur Ermenegildo Hamerani (1685 - 1744), Rom. Ø 4,34 cm 32,19 g. Silber. ",,"Medailleur Ermenegildo Hamerani (1685 - 1744), Rom. ",,(Heilige Petrus auf stürmischer See). ,"Durchmesser 4.34 cm, Gewicht 32.19 g.",Silber.
380101,ZB-SCH2105,Numismatik,,"Kirchenstaat. Papst Clemens XI. (Gianfrancesco Albani) 1700-1721. Scudo 1713. 1713. Ø 4,55 cm 32,03 g. Silber. ",1713,,,,"Durchmesser 4.55 cm, Gewicht 32.03 g.",Silber.
380100,ZB-SCH2110,Numismatik,,"Kirchenstaat. Papst Clemens XI. (Gianfrancesco Albani) 1700-1721. Mezzo Scudo 1706. 1706. Ø 3,9 cm 16 g. Silber. ",1706,,,,"Durchmesser 3.9 cm, Gewicht 16 g.",Silber.
380183,ZB-SCH2326,Numismatik,"Neapel, Kgr.","Königreich Neapel. Ferdinand I. von Aragonien (1458 - 1494). Doppio Ducato o.J. Ø 3,01 cm 6,91 g. Gold. ",,,,,"Durchmesser 3.01 cm, Gewicht 6.91 g.",Gold.
380177,ZB-SCH2645,Numismatik,England,"England. Elizabeth I. (1558-1603). Sovereign. Nach 1582. Ø 43,7 cm 15,18 g. Gold. ",1582,,,,"Durchmesser 43.7 cm, Gewicht 15.18 g.
.",Gold. 
380200,ZB-SCH2687,Numismatik,England,"Republik England (1649-1660). Oliver Cromwell, Lordprotektor (1653-1658). Crown. 1658. Ø 4,01 cm 30,03 g. Silber. ",1658,,,,"Durchmesser 4.01 cm, Gewicht 30.03 g.",Silber.
380212,ZB-SCH2795,Numismatik,Grossbritannien,Grossbritannien. Königin Victoria (1837-1901). Crown 1844. ,1844,,,,"Durchmesser 3.8 cm, Gewicht 28.26 g.",Silber.
380204,ZB-SCH2864,Numismatik,Dänemark,"Königreich Dänemark. Friedrich III. (1648-1670). Speciedaler 1669. 1669. Ø 4,12 cm 29,24 g. Silber. ",1669,,,,"Durchmesser 4.12 cm, Gewicht 29.24 g.",Silber.
380053,ZB-SCH2881,Numismatik,Dänemark,"Königreich Dänemark. Münzstätte Kopenhagen. Christian VI. (1730-1746). Dukat 1730. Ø 2,09 cm 3,48 g. Gold. ",,,,,"Durchmesser 2.09 cm, Gewicht 3.48 g.",Gold.
380206,ZB-SCH2982,Numismatik,Schweden,"Königreich Schweden. Karl XII. (1697-1718). Riksdaler 1707. 1707. Ø 4,1 cm 29,36 g. Silber. ",1707,,,,"Durchmesser 4.1 cm, Gewicht 29.36 g.",Silber.
380473,ZB-SCH3261,Numismatik,,"Stadt Groningen. Kaiser Maximilian I. (1493-1519). Goldgulden. Ø 2,33 cm 3,1 g. Gold. ",,,,,"Durchmesser 2.33 cm, Gewicht 3.1 g.",Gold.
380263,ZB-SCH3348,Numismatik,Frankreich,"Herzogtum Lothringen. Antoine (1508-1544). Gros Ecu o.J. Ø 4,57 cm 30,45 g. Silber. ",,,,,"Durchmesser 4.57 cm, Gewicht 30.45 g.",Silber.
380289,ZB-SCH3397,Numismatik,,"Herzogtum Lothringen. Münzstätte Nancy. Franz III. (1729-1737). Dukat 1736. Ø 2,2 cm 3,47 g. Gold. ",,,,,"Durchmesser 2.2 cm, Gewicht 3.47 g.",Gold.
380194,ZB-SCH3665,Numismatik,Baden,"Markgrafschaft Baden. Münzstätte Durlach. Christoph I. (1475-1515, +1527). Dicken zu 1/3 Guldiner 1519. Ø 2,86 cm 9,66 g. Silber. ",,,,,"Durchmesser 2.86 cm, Gewicht 9.66 g.",Silber.
380210,ZB-SCH3831,Numismatik,Königseck,"Grafschaft Königsegg. Münzstätte Wien. Gemeinschaftsprägung der vier Brüder. Taler 1795. 1759. Ø 4,28 cm 29,23 g. Silber. ",1759,,,,"Durchmesser 4.28 cm, Gewicht 29.23 g.",Silber.
380264,ZB-SCH3888,Numismatik,,"Stadt  Konstanz. Taler 1541. 1541. Ø 4,11 cm 28,75 g. Silber. ",1541,,,,"Durchmesser 4.11 cm, Gewicht 28.75 g.",Silber.
380272,ZB-SCH3973,Numismatik,,"Stadt Ulm. Guldentaler 1572. Ø 4,01 cm 24,19 g. Silber. ",,,,,"Durchmesser 4.01 cm, Gewicht 24.19 g.",Silber.
380288,ZB-SCH4060,Numismatik,,"Bistum Augsburg. Johann Christoph von Freiberg (1665-1690). Taler 1681. 1681. Ø 4,4 cm 29,04 g. Silber. ",1681,,,,"Durchmesser 4.4 cm, Gewicht 29.04 g.",Silber.
380104,ZB-SCH4085,Numismatik,,"Reichsstadt Augsburg. Münzmeisterfamilie Holeisen. Taler 1639. 1639. Ø 4,46 cm 29,13 g. Silber. ",1639,,,,"Durchmesser 4.46 cm, Gewicht 29.13 g.",Silber.
380209,ZB-SCH4160,Numismatik,Schwäbisch Hall,"Reichstadt Schwäbisch Hall. Münzstätte Nürnberg. Kaiser Karl VII. (1742-1745). Taler 1742. 1742. Ø 4,13 cm 29,15 g. Silber. ",1742,,,,"Durchmesser 4.13 cm, Gewicht 29.15 g.",Silber.
380191,ZB-SCH4171,Numismatik,,"Württemberg, Hzm. Ulrich (erste Regierungszeit 1498-1519). Dicken zu 1/3 Guldiner o. J. (nach 1501). Nach 1501. Ø 3 cm 9,64 g. Silber. ",1501,,,,"Durchmesser 3 cm, Gewicht 9.64 g.",Silber.
380481,ZB-SCH4176,Numismatik,Deutschland,"Herzogtum Württemberg. Ludwig (1568-1593). Reichsguldiner 1573. Ø 3,94 cm 24,36 g. Silber. ",,,,,"Durchmesser 3.94 cm, Gewicht 24.36 g.",Silber.
380109,ZB-SCH4399,Numismatik,,"Reichsstadt Frankfurt am Main. Taler 1696. 1696. Ø 4,21 cm 28,83 g. Silber. ",1696,,,,"Durchmesser 4.21 cm, Gewicht 28.83 g.",Silber.
380208,ZB-SCH4472,Numismatik,,"Grafschaft Solms-Laubach. Münzstätte Nürnberg. Christian August (1738-1784). Taler 1738. 1738. Ø 4,24 cm 29,15 g. Silber. ",1738,,,,"Durchmesser 4.24 cm, Gewicht 29.15 g.",Silber.
380472,ZB-SCH4621,Numismatik,,"Erzbistum Trier. Münzstätte: Koblenz. Werner von Falkenstein (1388-1418). Goldgulden (1410-1414). Ø 2,25 cm 3,44 g. Gold. ",,,,,"Durchmesser 2.25 cm, Gewicht 3.44 g.",Gold.
380488,ZB-SCH4709,Numismatik,Köln,"Fürsterzbistum Köln. Sedisvakanz/Domkapitel. Taler 1688. 1688. Ø 4,24 cm 29,04 g. Silber. ",1688,,,,"Durchmesser 4.24 cm, Gewicht 29.04 g.",Silber.
380113,ZB-SCH4731,Numismatik,,"Reichsstadt Köln. Taler 1705. 1705. Ø 4,17 cm 29,04 g. Silber. ",1705,,,,"Durchmesser 4.17 cm, Gewicht 29.04 g.",Silber.
380051,ZB-SCH5174,Numismatik,,"Stadt Northeim. Taler 1671. 1671. Ø 4,4 cm 28,83 g. Silber. ",1671,,,,"Durchmesser 4.4 cm, Gewicht 28.83 g.",Silber.
379711,ZB-SCH5244,Numismatik,,"Goslar. Königliche Münzstätte. Pfennig (Ende 12. Jh.). Ø 3,03 cm 0,86 g. Silber. ",,,,,"Durchmesser 3.03 cm, Gewicht 0.86 g.",Silber.
380474,ZB-SCH5364,Numismatik,Hamburg,"Hamburg. Doppeltaler o. J. ( 1606-1619). 1606 - 1619. Ø 4,41 cm 43,81 g. Silber. ",1606 - 1619,,,,"Durchmesser 4.41 cm, Gewicht 43.81 g.",Silber.
380326,ZB-SCH5475,Numismatik,,"Herzogtum Pommern. Philipp II. (1606-1618). Taler 1617. 1617. Ø 4,22 cm 28,74 g. Silber. ",1617,,,,"Durchmesser 4.22 cm, Gewicht 28.74 g.",Silber.
380050,ZB-SCH5844,Numismatik,,"Herzogtum Sachsen-Zeitz und Bistum Naumburg. Herzog Moritz (1656-1681). Taler 1667. 1667. Ø 4,6 cm 29,09 g. Silber. ",1667,,,,"Durchmesser 4.6 cm, Gewicht 29.09 g.",Silber.
380190,ZB-SCH5853,Numismatik,"Sachsen, Kurfürstentum","Kurfürstentum Sachsen. Friedrich III., der Weise (1486-1525). Guldiner o.J. 1513. Ø 4,38 cm 28,93 g. Silber. ",1513,,,,"Durchmesser 4.38 cm, Gewicht 28.93 g.",Silber.
380124,ZB-SCH6473,Numismatik,Regensburg,"Reichsstadt Regensburg. Konventionstaler 1793. 1793. Ø 4,09 cm 28,16 g. Silber. ",1793,,,,"Durchmesser 4.09 cm, Gewicht 28.16 g.",Silber.
380487,ZB-SCH6513,Numismatik,Salzburg,"Fürsterzbistum Salzburg. Georg von Küenburg (1586-1587). Halbtalerklippe 1586. 1586. 3,4 x 3,4 cm. 14,34 g. Silber. ",1586,,,,"Höhe 3.4 cm, Breite 3.4 cm, Gewicht 14.34 g.",Silber.
379949,ZB-SCH6514,Numismatik,Salzburg,"Salzburg. ZB-SCH6514. Fürsterzbistum Salzburg. Wolf Dietrich von Raitenau (1587-1612). Dreifacher Ducat o. J. Ø 3,53 cm 10,45 g. Gold. ",,,,,"Durchmesser 3.53 cm, Gewicht 10.45 g.",Gold.
380158,ZB-SCH6807,Numismatik,,"Königreich Böhmen. Karl I. (1346-1378). Goldgulden (1347/59). Ø 2,1 cm 3,45 g. Gold. ",,,,,"Durchmesser 2.1 cm, Gewicht 3.45 g.",Gold.
380306,ZB-ST3756,Numismatik,,"Freiburg im Breisgau. Pfennig (2. Hälfte 14. Jh. ). 1350 - 1400. Ø 1,83 cm 0,33 g. Silber. ",1350 - 1400  ,,,,"Durchmesser 1.83 cm, Gewicht 0.33 g.",Silber.
380211,ZB-ST7133.a,Numismatik,Polen,"Königreich Polen. Stanislaus August Poniatowski (1764-1795). Probetaler. 1765. Ø 4,3 cm 32,44 g. Blei. ",1765,,,,"Durchmesser 4.3 cm, Gewicht 32.44 g.",Blei.
